Per√≠odo,Pedidos
2005-09-15,815
2005-09-16,723
2005-09-17,1318
2005-09-18,1077
2005-09-19,1228
2005-09-20,1396
2005-09-21,664
2005-09-22,689
2005-09-23,279
2005-09-24,1257
2005-09-25,1178
2005-09-26,30
2005-09-27,1182
2005-09-28,1398
2005-09-29,442
2005-09-30,120
2005-10-01,1349
2005-10-02,1360
2005-10-03,969
2005-10-04,383
2005-10-05,246
2005-10-06,510
2005-10-07,1455
2005-10-08,1100
2005-10-09,293
2005-10-10,1219
2005-10-11,743
2005-10-12,1163
2005-10-13,640
2005-10-14,745
2005-10-15,336
2005-10-16,3
2005-10-17,1282
2005-10-18,1299
2005-10-19,908
2005-10-20,459
2005-10-21,371
2005-10-22,1489
2005-10-23,1038
2005-10-24,1267
2005-10-25,455
2005-10-26,490
2005-10-27,619
2005-10-28,924
2005-10-29,1105
2005-10-30,855
2005-10-31,116
2005-11-01,608
2005-11-02,908
2005-11-03,197
2005-11-04,1021
2005-11-05,625
2005-11-06,991
2005-11-07,761
2005-11-08,1020
2005-11-09,1108
2005-11-10,45
2005-11-11,528
2005-11-12,41
2005-11-13,440
2005-11-14,236
2005-11-15,1110
2005-11-16,986
2005-11-17,979
2005-11-18,303
2005-11-19,1042
2005-11-20,482
2005-11-21,1389
2005-11-22,806
2005-11-23,135
2005-11-24,996
2005-11-25,559
2005-11-26,1014
2005-11-27,244
2005-11-28,374
2005-11-29,687
2005-11-30,911
2005-12-01,546
2005-12-02,10
2005-12-03,1308
2005-12-04,1028
2005-12-05,82
2005-12-06,103
2005-12-07,345
2005-12-08,311
2005-12-09,1259
2005-12-10,334
2005-12-11,663
2005-12-12,434
2005-12-13,761
2005-12-14,574
2005-12-15,1207
2005-12-16,340
2005-12-17,1280
2005-12-18,633
2005-12-19,354
2005-12-20,761
2005-12-21,346
2005-12-22,417
2005-12-23,1401
2005-12-24,196
2005-12-25,119
2005-12-26,1489
2005-12-27,250
2005-12-28,436
2005-12-29,448
2005-12-30,469
2005-12-31,372
2006-01-01,873
2006-01-02,425
2006-01-03,1025
2006-01-04,1166
2006-01-05,771
2006-01-06,396
2006-01-07,713
2006-01-08,877
2006-01-09,787
2006-01-10,1050
2006-01-11,992
2006-01-12,1092
2006-01-13,150
2006-01-14,440
2006-01-15,136
2006-01-16,753
2006-01-17,745
2006-01-18,527
2006-01-19,840
2006-01-20,898
2006-01-21,1424
2006-01-22,619
2006-01-23,1154
2006-01-24,754
2006-01-25,1219
2006-01-26,46
2006-01-27,439
2006-01-28,1316
2006-01-29,377
2006-01-30,682
2006-01-31,514
2006-02-01,471
2006-02-02,365
2006-02-03,212
2006-02-04,291
2006-02-05,786
2006-02-06,332
2006-02-07,1141
2006-02-08,1232
2006-02-09,493
2006-02-10,1099
2006-02-11,15
2006-02-12,784
2006-02-13,1472
2006-02-14,573
2006-02-15,211
2006-02-16,1337
2006-02-17,1342
2006-02-18,1235
2006-02-19,343
2006-02-20,1257
2006-02-21,931
2006-02-22,164
2006-02-23,1341
2006-02-24,540
2006-02-25,1281
2006-02-26,702
2006-02-27,657
2006-02-28,1310
2006-03-01,806
2006-03-02,1122
2006-03-03,568
2006-03-04,487
2006-03-05,1432
2006-03-06,12
2006-03-07,460
2006-03-08,1327
2006-03-09,855
2006-03-10,749
2006-03-11,1174
2006-03-12,429
2006-03-13,531
2006-03-14,41
2006-03-15,1455
2006-03-16,932
2006-03-17,999
2006-03-18,1319
2006-03-19,210
2006-03-20,379
2006-03-21,165
2006-03-22,1122
2006-03-23,1111
2006-03-24,550
2006-03-25,904
2006-03-26,657
2006-03-27,553
2006-03-28,1327
2006-03-29,659
2006-03-30,939
2006-03-31,938
2006-04-01,404
2006-04-02,794
2006-04-03,345
2006-04-04,107
2006-04-05,744
2006-04-06,1307
2006-04-07,974
2006-04-08,987
2006-04-09,1340
2006-04-10,874
2006-04-11,1283
2006-04-12,1233
2006-04-13,687
2006-04-14,957
2006-04-15,447
2006-04-16,32
2006-04-17,887
2006-04-18,1336
2006-04-19,1072
2006-04-20,314
2006-04-21,1374
2006-04-22,1340
2006-04-23,595
2006-04-24,368
2006-04-25,757
2006-04-26,649
2006-04-27,572
2006-04-28,178
2006-04-29,433
2006-04-30,106
2006-05-01,711
2006-05-02,721
2006-05-03,1284
2006-05-04,1015
2006-05-05,1027
2006-05-06,127
2006-05-07,600
2006-05-08,1455
2006-05-09,575
2006-05-10,84
2006-05-11,5
2006-05-12,723
2006-05-13,1404
2006-05-14,840
2006-05-15,447
2006-05-16,337
2006-05-17,1340
2006-05-18,1382
2006-05-19,1288
2006-05-20,41
2006-05-21,673
2006-05-22,837
2006-05-23,1022
2006-05-24,1025
2006-05-25,1154
2006-05-26,1005
2006-05-27,333
2006-05-28,692
2006-05-29,1138
2006-05-30,861
2006-05-31,654
2006-06-01,1261
2006-06-02,943
2006-06-03,1227
2006-06-04,193
2006-06-05,521
2006-06-06,608
2006-06-07,1360
2006-06-08,785
2006-06-09,1055
2006-06-10,863
2006-06-11,1405
2006-06-12,970
2006-06-13,1442
2006-06-14,857
2006-06-15,1496
2006-06-16,1463
2006-06-17,565
2006-06-18,23
2006-06-19,1407
2006-06-20,1210
2006-06-21,1248
2006-06-22,774
2006-06-23,465
2006-06-24,462
2006-06-25,1156
2006-06-26,814
2006-06-27,459
2006-06-28,1414
2006-06-29,727
2006-06-30,1426
2006-07-01,944
2006-07-02,935
2006-07-03,1168
2006-07-04,584
2006-07-05,174
2006-07-06,424
2006-07-07,1267
2006-07-08,941
2006-07-09,788
2006-07-10,615
2006-07-11,471
2006-07-12,1482
2006-07-13,826
2006-07-14,384
2006-07-15,554
2006-07-16,177
2006-07-17,16
2006-07-18,944
2006-07-19,80
2006-07-20,849
2006-07-21,1484
2006-07-22,863
2006-07-23,1215
2006-07-24,561
2006-07-25,665
2006-07-26,1492
2006-07-27,873
2006-07-28,1433
2006-07-29,1349
2006-07-30,306
2006-07-31,1134
2006-08-01,1070
2006-08-02,763
2006-08-03,707
2006-08-04,677
2006-08-05,82
2006-08-06,542
2006-08-07,1340
2006-08-08,943
2006-08-09,963
2006-08-10,1459
2006-08-11,933
2006-08-12,549
2006-08-13,1316
2006-08-14,759
2006-08-15,1215
2006-08-16,211
2006-08-17,1164
2006-08-18,1021
2006-08-19,1109
2006-08-20,1412
2006-08-21,101
2006-08-22,617
2006-08-23,433
2006-08-24,1126
2006-08-25,611
2006-08-26,943
2006-08-27,1388
2006-08-28,1276
2006-08-29,810
2006-08-30,1328
2006-08-31,763
2006-09-01,1388
2006-09-02,1114
2006-09-03,432
2006-09-04,1026
2006-09-05,1059
2006-09-06,46
2006-09-07,161
2006-09-08,508
2006-09-09,1062
2006-09-10,737
2006-09-11,430
2006-09-12,826
2006-09-13,1478
2006-09-14,1186
2006-09-15,1398
2006-09-16,1222
2006-09-17,922
2006-09-18,1034
2006-09-19,280
2006-09-20,1481
2006-09-21,700
2006-09-22,1281
2006-09-23,861
2006-09-24,1203
2006-09-25,1158
2006-09-26,18
2006-09-27,946
2006-09-28,1453
2006-09-29,814
2006-09-30,43
2006-10-01,55
2006-10-02,1486
2006-10-03,97
2006-10-04,1405
2006-10-05,291
2006-10-06,465
2006-10-07,560
2006-10-08,734
2006-10-09,478
2006-10-10,898
2006-10-11,429
2006-10-12,1024
2006-10-13,1247
2006-10-14,1043
2006-10-15,517
2006-10-16,399
2006-10-17,134
2006-10-18,635
2006-10-19,1382
2006-10-20,102
2006-10-21,468
2006-10-22,657
2006-10-23,1367
2006-10-24,212
2006-10-25,810
2006-10-26,1050
2006-10-27,481
2006-10-28,888
2006-10-29,213
2006-10-30,1262
2006-10-31,25
2006-11-01,172
2006-11-02,653
2006-11-03,557
2006-11-04,1206
2006-11-05,715
2006-11-06,1330
2006-11-07,300
2006-11-08,88
2006-11-09,74
2006-11-10,1356
2006-11-11,407
2006-11-12,105
2006-11-13,1162
2006-11-14,567
2006-11-15,211
2006-11-16,15
2006-11-17,926
2006-11-18,549
2006-11-19,1007
2006-11-20,1103
2006-11-21,1030
2006-11-22,309
2006-11-23,1481
2006-11-24,865
2006-11-25,1458
2006-11-26,1098
2006-11-27,705
2006-11-28,1326
2006-11-29,1345
2006-11-30,1285
2006-12-01,464
2006-12-02,1154
2006-12-03,1471
2006-12-04,936
2006-12-05,152
2006-12-06,129
2006-12-07,253
2006-12-08,451
2006-12-09,231
2006-12-10,3
2006-12-11,621
2006-12-12,1253
2006-12-13,997
2006-12-14,970
2006-12-15,620
2006-12-16,1275
2006-12-17,269
2006-12-18,565
2006-12-19,1327
2006-12-20,960
2006-12-21,1292
2006-12-22,1105
2006-12-23,531
2006-12-24,53
2006-12-25,861
2006-12-26,1384
2006-12-27,1065
2006-12-28,1241
2006-12-29,1239
2006-12-30,1208
2006-12-31,1160
2007-01-01,1273
2007-01-02,526
2007-01-03,1284
2007-01-04,289
2007-01-05,53
2007-01-06,475
2007-01-07,1323
2007-01-08,68
2007-01-09,856
2007-01-10,747
2007-01-11,1287
2007-01-12,233
2007-01-13,559
2007-01-14,84
2007-01-15,383
2007-01-16,1308
2007-01-17,273
2007-01-18,701
2007-01-19,1415
2007-01-20,695
2007-01-21,1472
2007-01-22,751
2007-01-23,1055
2007-01-24,886
2007-01-25,698
2007-01-26,251
2007-01-27,1377
2007-01-28,43
2007-01-29,729
2007-01-30,15
2007-01-31,1027
2007-02-01,1050
2007-02-02,583
2007-02-03,1362
2007-02-04,893
2007-02-05,847
2007-02-06,451
2007-02-07,1260
2007-02-08,1394
2007-02-09,179
2007-02-10,692
2007-02-11,1201
2007-02-12,998
2007-02-13,1067
2007-02-14,707
2007-02-15,773
2007-02-16,91
2007-02-17,1278
2007-02-18,546
2007-02-19,332
2007-02-20,820
2007-02-21,594
2007-02-22,193
2007-02-23,1209
2007-02-24,327
2007-02-25,825
2007-02-26,983
2007-02-27,274
2007-02-28,773
2007-03-01,1175
2007-03-02,59
2007-03-03,666
2007-03-04,296
2007-03-05,997
2007-03-06,528
2007-03-07,1396
2007-03-08,144
2007-03-09,1273
2007-03-10,835
2007-03-11,223
2007-03-12,720
2007-03-13,144
2007-03-14,430
2007-03-15,502
2007-03-16,1357
2007-03-17,1476
2007-03-18,211
2007-03-19,532
2007-03-20,635
2007-03-21,751
2007-03-22,321
2007-03-23,1208
2007-03-24,54
2007-03-25,1007
2007-03-26,168
2007-03-27,647
2007-03-28,79
2007-03-29,939
2007-03-30,1197
2007-03-31,877
2007-04-01,295
2007-04-02,569
2007-04-03,1037
2007-04-04,897
2007-04-05,748
2007-04-06,629
2007-04-07,1414
2007-04-08,379
2007-04-09,149
2007-04-10,416
2007-04-11,1273
2007-04-12,1266
2007-04-13,994
2007-04-14,676
2007-04-15,1497
2007-04-16,1070
2007-04-17,761
2007-04-18,182
2007-04-19,98
2007-04-20,996
2007-04-21,49
2007-04-22,846
2007-04-23,1125
2007-04-24,236
2007-04-25,693
2007-04-26,773
2007-04-27,1013
2007-04-28,694
2007-04-29,663
2007-04-30,766
2007-05-01,841
2007-05-02,958
2007-05-03,50
2007-05-04,1105
2007-05-05,473
2007-05-06,1366
2007-05-07,229
2007-05-08,569
2007-05-09,349
2007-05-10,1103
2007-05-11,603
2007-05-12,1139
2007-05-13,776
2007-05-14,1392
2007-05-15,874
2007-05-16,437
2007-05-17,560
2007-05-18,1101
2007-05-19,777
2007-05-20,393
2007-05-21,615
2007-05-22,571
2007-05-23,890
2007-05-24,1002
2007-05-25,52
2007-05-26,86
2007-05-27,1485
2007-05-28,654
2007-05-29,568
2007-05-30,1355
2007-05-31,679
2007-06-01,708
2007-06-02,209
2007-06-03,733
2007-06-04,748
2007-06-05,153
2007-06-06,242
2007-06-07,607
2007-06-08,1347
2007-06-09,1097
2007-06-10,974
2007-06-11,1444
2007-06-12,1052
2007-06-13,843
2007-06-14,502
2007-06-15,639
2007-06-16,693
2007-06-17,75
2007-06-18,1044
2007-06-19,1046
2007-06-20,1206
2007-06-21,195
2007-06-22,1210
2007-06-23,59
2007-06-24,568
2007-06-25,252
2007-06-26,269
2007-06-27,37
2007-06-28,391
2007-06-29,393
2007-06-30,713
2007-07-01,64
2007-07-02,1255
2007-07-03,392
2007-07-04,36
2007-07-05,1038
2007-07-06,476
2007-07-07,325
2007-07-08,1333
2007-07-09,1145
2007-07-10,722
2007-07-11,318
2007-07-12,157
2007-07-13,70
2007-07-14,1347
2007-07-15,1368
2007-07-16,145
2007-07-17,1366
2007-07-18,26
2007-07-19,158
2007-07-20,1427
2007-07-21,1274
2007-07-22,1322
2007-07-23,203
2007-07-24,1194
2007-07-25,1237
2007-07-26,1036
2007-07-27,96
2007-07-28,968
2007-07-29,491
2007-07-30,1388
2007-07-31,1240
2007-08-01,741
2007-08-02,699
2007-08-03,459
2007-08-04,751
2007-08-05,945
2007-08-06,1498
2007-08-07,511
2007-08-08,556
2007-08-09,683
2007-08-10,886
2007-08-11,1262
2007-08-12,194
2007-08-13,278
2007-08-14,19
2007-08-15,138
2007-08-16,1395
2007-08-17,983
2007-08-18,1163
2007-08-19,511
2007-08-20,200
2007-08-21,194
2007-08-22,1300
2007-08-23,10
2007-08-24,189
2007-08-25,1032
2007-08-26,341
2007-08-27,1071
2007-08-28,1244
2007-08-29,977
2007-08-30,514
2007-08-31,1181
2007-09-01,1479
2007-09-02,306
2007-09-03,1379
2007-09-04,101
2007-09-05,187
2007-09-06,1162
2007-09-07,1432
2007-09-08,612
2007-09-09,307
2007-09-10,152
2007-09-11,496
2007-09-12,645
2007-09-13,1187
2007-09-14,421
2007-09-15,1475
2007-09-16,901
2007-09-17,822
2007-09-18,97
2007-09-19,737
2007-09-20,1338
2007-09-21,126
2007-09-22,419
2007-09-23,1489
2007-09-24,727
2007-09-25,1294
2007-09-26,691
2007-09-27,1108
2007-09-28,1263
2007-09-29,1041
2007-09-30,847
2007-10-01,807
2007-10-02,1200
2007-10-03,457
2007-10-04,975
2007-10-05,734
2007-10-06,792
2007-10-07,581
2007-10-08,138
2007-10-09,1187
2007-10-10,280
2007-10-11,1357
2007-10-12,1449
2007-10-13,512
2007-10-14,996
2007-10-15,1155
2007-10-16,1396
2007-10-17,512
2007-10-18,482
2007-10-19,167
2007-10-20,904
2007-10-21,53
2007-10-22,1267
2007-10-23,453
2007-10-24,239
2007-10-25,48
2007-10-26,635
2007-10-27,437
2007-10-28,829
2007-10-29,569
2007-10-30,288
2007-10-31,1276
2007-11-01,1302
2007-11-02,571
2007-11-03,242
2007-11-04,262
2007-11-05,1270
2007-11-06,554
2007-11-07,450
2007-11-08,496
2007-11-09,65
2007-11-10,1201
2007-11-11,1311
2007-11-12,627
2007-11-13,109
2007-11-14,1048
2007-11-15,339
2007-11-16,259
2007-11-17,498
2007-11-18,357
2007-11-19,1145
2007-11-20,1327
2007-11-21,558
2007-11-22,153
2007-11-23,267
2007-11-24,597
2007-11-25,297
2007-11-26,194
2007-11-27,1006
2007-11-28,517
2007-11-29,245
2007-11-30,37
2007-12-01,12
2007-12-02,989
2007-12-03,656
2007-12-04,157
2007-12-05,1406
2007-12-06,274
2007-12-07,1151
2007-12-08,783
2007-12-09,1019
2007-12-10,1183
2007-12-11,591
2007-12-12,1155
2007-12-13,509
2007-12-14,186
2007-12-15,959
2007-12-16,185
2007-12-17,410
2007-12-18,429
2007-12-19,585
2007-12-20,840
2007-12-21,360
2007-12-22,48
2007-12-23,1080
2007-12-24,812
2007-12-25,1103
2007-12-26,598
2007-12-27,342
2007-12-28,897
2007-12-29,628
2007-12-30,51
2007-12-31,517
2008-01-01,1365
2008-01-02,660
2008-01-03,1243
2008-01-04,906
2008-01-05,1091
2008-01-06,8
2008-01-07,893
2008-01-08,115
2008-01-09,888
2008-01-10,943
2008-01-11,866
2008-01-12,1238
2008-01-13,1474
2008-01-14,571
2008-01-15,1099
2008-01-16,1040
2008-01-17,1403
2008-01-18,627
2008-01-19,1263
2008-01-20,427
2008-01-21,1264
2008-01-22,947
2008-01-23,844
2008-01-24,9
2008-01-25,1344
2008-01-26,660
2008-01-27,845
2008-01-28,1150
2008-01-29,199
2008-01-30,49
2008-01-31,606
2008-02-01,738
2008-02-02,604
2008-02-03,717
2008-02-04,1228
2008-02-05,1202
2008-02-06,609
2008-02-07,965
2008-02-08,735
2008-02-09,861
2008-02-10,653
2008-02-11,825
2008-02-12,335
2008-02-13,1069
2008-02-14,451
2008-02-15,7
2008-02-16,401
2008-02-17,176
2008-02-18,461
2008-02-19,1313
2008-02-20,408
2008-02-21,158
2008-02-22,533
2008-02-23,164
2008-02-24,1076
2008-02-25,556
2008-02-26,1282
2008-02-27,340
2008-02-28,917
2008-02-29,1007
2008-03-01,870
2008-03-02,882
2008-03-03,918
2008-03-04,1
2008-03-05,150
2008-03-06,314
2008-03-07,131
2008-03-08,283
2008-03-09,753
2008-03-10,116
2008-03-11,1297
2008-03-12,1018
2008-03-13,1440
2008-03-14,756
2008-03-15,341
2008-03-16,656
2008-03-17,712
2008-03-18,322
2008-03-19,1118
2008-03-20,1317
2008-03-21,692
2008-03-22,972
2008-03-23,645
2008-03-24,819
2008-03-25,922
2008-03-26,1316
2008-03-27,902
2008-03-28,996
2008-03-29,978
2008-03-30,556
2008-03-31,304
2008-04-01,538
2008-04-02,962
2008-04-03,171
2008-04-04,472
2008-04-05,1054
2008-04-06,905
2008-04-07,626
2008-04-08,467
2008-04-09,1268
2008-04-10,16
2008-04-11,1187
2008-04-12,868
2008-04-13,843
2008-04-14,1106
2008-04-15,393
2008-04-16,1434
2008-04-17,155
2008-04-18,267
2008-04-19,349
2008-04-20,1160
2008-04-21,932
2008-04-22,480
2008-04-23,512
2008-04-24,346
2008-04-25,1334
2008-04-26,1247
2008-04-27,1350
2008-04-28,764
2008-04-29,1271
2008-04-30,598
2008-05-01,211
2008-05-02,425
2008-05-03,1463
2008-05-04,872
2008-05-05,172
2008-05-06,610
2008-05-07,1417
2008-05-08,764
2008-05-09,1260
2008-05-10,592
2008-05-11,102
2008-05-12,211
2008-05-13,1128
2008-05-14,779
2008-05-15,1209
2008-05-16,630
2008-05-17,39
2008-05-18,1294
2008-05-19,969
2008-05-20,1427
2008-05-21,653
2008-05-22,1188
2008-05-23,5
2008-05-24,829
2008-05-25,1112
2008-05-26,1181
2008-05-27,558
2008-05-28,1015
2008-05-29,239
2008-05-30,1450
2008-05-31,1248
2008-06-01,1404
2008-06-02,627
2008-06-03,433
2008-06-04,56
2008-06-05,1389
2008-06-06,1039
2008-06-07,976
2008-06-08,1401
2008-06-09,400
2008-06-10,742
2008-06-11,1062
2008-06-12,775
2008-06-13,1087
2008-06-14,1367
2008-06-15,825
2008-06-16,946
2008-06-17,1138
2008-06-18,1425
2008-06-19,523
2008-06-20,1088
2008-06-21,1179
2008-06-22,1033
2008-06-23,29
2008-06-24,725
2008-06-25,1306
2008-06-26,206
2008-06-27,912
2008-06-28,61
2008-06-29,471
2008-06-30,725
2008-07-01,803
2008-07-02,1483
2008-07-03,1402
2008-07-04,856
2008-07-05,530
2008-07-06,1469
2008-07-07,1387
2008-07-08,1332
2008-07-09,981
2008-07-10,91
2008-07-11,38
2008-07-12,1135
2008-07-13,605
2008-07-14,1473
2008-07-15,505
2008-07-16,534
2008-07-17,67
2008-07-18,640
2008-07-19,1161
2008-07-20,468
2008-07-21,452
2008-07-22,1061
2008-07-23,81
2008-07-24,889
2008-07-25,496
2008-07-26,261
2008-07-27,1272
2008-07-28,633
2008-07-29,311
2008-07-30,1168
2008-07-31,1017
2008-08-01,598
2008-08-02,191
2008-08-03,1354
2008-08-04,866
2008-08-05,250
2008-08-06,465
2008-08-07,986
2008-08-08,805
2008-08-09,1460
2008-08-10,848
2008-08-11,650
2008-08-12,1249
2008-08-13,974
2008-08-14,833
2008-08-15,1303
2008-08-16,1064
2008-08-17,522
2008-08-18,1026
2008-08-19,1255
2008-08-20,782
2008-08-21,297
2008-08-22,206
2008-08-23,1426
2008-08-24,977
2008-08-25,382
2008-08-26,753
2008-08-27,1295
2008-08-28,1385
2008-08-29,748
2008-08-30,80
2008-08-31,1223
2008-09-01,1213
2008-09-02,178
2008-09-03,267
2008-09-04,906
2008-09-05,93
2008-09-06,1108
2008-09-07,667
2008-09-08,745
2008-09-09,461
2008-09-10,104
2008-09-11,1393
2008-09-12,100
2008-09-13,654
2008-09-14,820
2008-09-15,1017
2008-09-16,569
2008-09-17,204
2008-09-18,782
2008-09-19,401
2008-09-20,554
2008-09-21,425
2008-09-22,282
2008-09-23,317
2008-09-24,337
2008-09-25,187
2008-09-26,423
2008-09-27,1082
2008-09-28,264
2008-09-29,116
2008-09-30,1291
2008-10-01,1284
2008-10-02,851
2008-10-03,1402
2008-10-04,1391
2008-10-05,194
2008-10-06,1416
2008-10-07,909
2008-10-08,52
2008-10-09,1447
2008-10-10,647
2008-10-11,1357
2008-10-12,704
2008-10-13,989
2008-10-14,538
2008-10-15,900
2008-10-16,518
2008-10-17,917
2008-10-18,1317
2008-10-19,1485
2008-10-20,860
2008-10-21,112
2008-10-22,1250
2008-10-23,736
2008-10-24,446
2008-10-25,1087
2008-10-26,1470
2008-10-27,595
2008-10-28,1173
2008-10-29,1463
2008-10-30,813
2008-10-31,712
2008-11-01,43
2008-11-02,420
2008-11-03,1495
2008-11-04,207
2008-11-05,1063
2008-11-06,1037
2008-11-07,439
2008-11-08,694
2008-11-09,394
2008-11-10,704
2008-11-11,1373
2008-11-12,1494
2008-11-13,231
2008-11-14,398
2008-11-15,666
2008-11-16,128
2008-11-17,1411
2008-11-18,164
2008-11-19,648
2008-11-20,1470
2008-11-21,427
2008-11-22,1012
2008-11-23,1425
2008-11-24,904
2008-11-25,1153
2008-11-26,205
2008-11-27,1245
2008-11-28,759
2008-11-29,930
2008-11-30,472
2008-12-01,589
2008-12-02,469
2008-12-03,777
2008-12-04,3
2008-12-05,144
2008-12-06,1234
2008-12-07,675
2008-12-08,1020
2008-12-09,294
2008-12-10,571
2008-12-11,1304
2008-12-12,1485
2008-12-13,663
2008-12-14,640
2008-12-15,785
2008-12-16,1306
2008-12-17,1193
2008-12-18,1479
2008-12-19,1070
2008-12-20,1274
2008-12-21,1292
2008-12-22,620
2008-12-23,1345
2008-12-24,404
2008-12-25,104
2008-12-26,609
2008-12-27,509
2008-12-28,921
2008-12-29,304
2008-12-30,1237
2008-12-31,966
2009-01-01,1347
2009-01-02,277
2009-01-03,74
2009-01-04,1195
2009-01-05,96
2009-01-06,1314
2009-01-07,1041
2009-01-08,913
2009-01-09,715
2009-01-10,290
2009-01-11,1474
2009-01-12,1349
2009-01-13,788
2009-01-14,585
2009-01-15,426
2009-01-16,820
2009-01-17,929
2009-01-18,707
2009-01-19,330
2009-01-20,1448
2009-01-21,948
2009-01-22,1392
2009-01-23,388
2009-01-24,525
2009-01-25,285
2009-01-26,939
2009-01-27,814
2009-01-28,1060
2009-01-29,1061
2009-01-30,1174
2009-01-31,458
2009-02-01,215
2009-02-02,353
2009-02-03,891
2009-02-04,1452
2009-02-05,427
2009-02-06,1297
2009-02-07,143
2009-02-08,304
2009-02-09,5
2009-02-10,1321
2009-02-11,866
2009-02-12,741
2009-02-13,442
2009-02-14,429
2009-02-15,563
2009-02-16,542
2009-02-17,1170
2009-02-18,640
2009-02-19,125
2009-02-20,612
2009-02-21,1192
2009-02-22,371
2009-02-23,1003
2009-02-24,287
2009-02-25,304
2009-02-26,766
2009-02-27,430
2009-02-28,951
2009-03-01,380
2009-03-02,294
2009-03-03,995
2009-03-04,714
2009-03-05,877
2009-03-06,1124
2009-03-07,1123
2009-03-08,478
2009-03-09,1095
2009-03-10,297
2009-03-11,631
2009-03-12,707
2009-03-13,170
2009-03-14,1295
2009-03-15,1142
2009-03-16,122
2009-03-17,1392
2009-03-18,772
2009-03-19,1316
2009-03-20,650
2009-03-21,1322
2009-03-22,604
2009-03-23,211
2009-03-24,960
2009-03-25,160
2009-03-26,1380
2009-03-27,962
2009-03-28,127
2009-03-29,750
2009-03-30,103
2009-03-31,201
2009-04-01,1190
2009-04-02,1113
2009-04-03,785
2009-04-04,973
2009-04-05,1491
2009-04-06,588
2009-04-07,1051
2009-04-08,50
2009-04-09,940
2009-04-10,1030
2009-04-11,540
2009-04-12,146
2009-04-13,807
2009-04-14,1152
2009-04-15,286
2009-04-16,1436
2009-04-17,947
2009-04-18,1107
2009-04-19,1272
2009-04-20,250
2009-04-21,640
2009-04-22,171
2009-04-23,1369
2009-04-24,43
2009-04-25,146
2009-04-26,249
2009-04-27,487
2009-04-28,29
2009-04-29,70
2009-04-30,751
2009-05-01,869
2009-05-02,1096
2009-05-03,98
2009-05-04,902
2009-05-05,1200
2009-05-06,699
2009-05-07,457
2009-05-08,189
2009-05-09,133
2009-05-10,996
2009-05-11,784
2009-05-12,161
2009-05-13,603
2009-05-14,1450
2009-05-15,934
2009-05-16,1228
2009-05-17,1033
2009-05-18,794
2009-05-19,885
2009-05-20,1437
2009-05-21,712
2009-05-22,1317
2009-05-23,1087
2009-05-24,40
2009-05-25,1476
2009-05-26,196
2009-05-27,174
2009-05-28,970
2009-05-29,1057
2009-05-30,617
2009-05-31,816
2009-06-01,609
2009-06-02,1326
2009-06-03,934
2009-06-04,348
2009-06-05,376
2009-06-06,435
2009-06-07,954
2009-06-08,849
2009-06-09,1084
2009-06-10,1414
2009-06-11,485
2009-06-12,1251
2009-06-13,1253
2009-06-14,147
2009-06-15,1443
2009-06-16,1436
2009-06-17,1442
2009-06-18,699
2009-06-19,1412
2009-06-20,504
2009-06-21,896
2009-06-22,855
2009-06-23,520
2009-06-24,880
2009-06-25,6
2009-06-26,1124
2009-06-27,238
2009-06-28,146
2009-06-29,19
2009-06-30,1275
2009-07-01,1296
2009-07-02,1329
2009-07-03,929
2009-07-04,1223
2009-07-05,601
2009-07-06,1104
2009-07-07,427
2009-07-08,443
2009-07-09,1252
2009-07-10,475
2009-07-11,1135
2009-07-12,1352
2009-07-13,303
2009-07-14,1383
2009-07-15,1089
2009-07-16,670
2009-07-17,7
2009-07-18,171
2009-07-19,663
2009-07-20,200
2009-07-21,908
2009-07-22,561
2009-07-23,717
2009-07-24,1241
2009-07-25,1299
2009-07-26,1035
2009-07-27,681
2009-07-28,1395
2009-07-29,31
2009-07-30,1107
2009-07-31,1349
2009-08-01,828
2009-08-02,760
2009-08-03,1499
2009-08-04,1095
2009-08-05,1370
2009-08-06,400
2009-08-07,1219
2009-08-08,1097
2009-08-09,1367
2009-08-10,1099
2009-08-11,458
2009-08-12,259
2009-08-13,120
2009-08-14,288
2009-08-15,1037
2009-08-16,581
2009-08-17,279
2009-08-18,577
2009-08-19,692
2009-08-20,853
2009-08-21,171
2009-08-22,207
2009-08-23,300
2009-08-24,465
2009-08-25,1145
2009-08-26,803
2009-08-27,515
2009-08-28,521
2009-08-29,1281
2009-08-30,1329
2009-08-31,309
2009-09-01,1350
2009-09-02,1416
2009-09-03,217
2009-09-04,330
2009-09-05,82
2009-09-06,1072
2009-09-07,1222
2009-09-08,349
2009-09-09,524
2009-09-10,433
2009-09-11,539
2009-09-12,1031
2009-09-13,1162
2009-09-14,682
2009-09-15,1179
2009-09-16,1198
2009-09-17,906
2009-09-18,592
2009-09-19,906
2009-09-20,413
2009-09-21,699
2009-09-22,821
2009-09-23,1018
2009-09-24,4
2009-09-25,551
2009-09-26,380
2009-09-27,763
2009-09-28,423
2009-09-29,916
2009-09-30,1432
2009-10-01,1019
2009-10-02,1280
2009-10-03,221
2009-10-04,471
2009-10-05,359
2009-10-06,854
2009-10-07,1455
2009-10-08,322
2009-10-09,99
2009-10-10,719
2009-10-11,445
2009-10-12,642
2009-10-13,147
2009-10-14,229
2009-10-15,111
2009-10-16,478
2009-10-17,578
2009-10-18,893
2009-10-19,403
2009-10-20,103
2009-10-21,421
2009-10-22,967
2009-10-23,296
2009-10-24,1161
2009-10-25,1031
2009-10-26,1117
2009-10-27,697
2009-10-28,1371
2009-10-29,680
2009-10-30,384
2009-10-31,415
2009-11-01,354
2009-11-02,199
2009-11-03,1003
2009-11-04,781
2009-11-05,22
2009-11-06,629
2009-11-07,673
2009-11-08,1272
2009-11-09,56
2009-11-10,449
2009-11-11,1352
2009-11-12,726
2009-11-13,549
2009-11-14,400
2009-11-15,353
2009-11-16,186
2009-11-17,1014
2009-11-18,1253
2009-11-19,293
2009-11-20,1310
2009-11-21,766
2009-11-22,198
2009-11-23,1216
2009-11-24,1119
2009-11-25,476
2009-11-26,604
2009-11-27,578
2009-11-28,493
2009-11-29,213
2009-11-30,1293
2009-12-01,1454
2009-12-02,178
2009-12-03,35
2009-12-04,583
2009-12-05,1126
2009-12-06,518
2009-12-07,1315
2009-12-08,675
2009-12-09,138
2009-12-10,1311
2009-12-11,1092
2009-12-12,1367
2009-12-13,1436
2009-12-14,331
2009-12-15,627
2009-12-16,1326
2009-12-17,614
2009-12-18,1275
2009-12-19,897
2009-12-20,745
2009-12-21,692
2009-12-22,299
2009-12-23,74
2009-12-24,1404
2009-12-25,56
2009-12-26,7
2009-12-27,793
2009-12-28,531
2009-12-29,861
2009-12-30,512
2009-12-31,987
2010-01-01,244
2010-01-02,80
2010-01-03,264
2010-01-04,1019
2010-01-05,1434
2010-01-06,932
2010-01-07,1082
2010-01-08,1375
2010-01-09,1094
2010-01-10,153
2010-01-11,933
2010-01-12,637
2010-01-13,742
2010-01-14,1189
2010-01-15,213
2010-01-16,474
2010-01-17,1336
2010-01-18,802
2010-01-19,610
2010-01-20,35
2010-01-21,490
2010-01-22,1057
2010-01-23,1333
2010-01-24,1022
2010-01-25,65
2010-01-26,820
2010-01-27,1287
2010-01-28,555
2010-01-29,938
2010-01-30,783
2010-01-31,1030
2010-02-01,1173
2010-02-02,623
2010-02-03,1304
2010-02-04,1034
2010-02-05,355
2010-02-06,826
2010-02-07,179
2010-02-08,1144
2010-02-09,175
2010-02-10,848
2010-02-11,776
2010-02-12,669
2010-02-13,444
2010-02-14,385
2010-02-15,704
2010-02-16,120
2010-02-17,189
2010-02-18,438
2010-02-19,1165
2010-02-20,1353
2010-02-21,1356
2010-02-22,725
2010-02-23,701
2010-02-24,1082
2010-02-25,99
2010-02-26,230
2010-02-27,976
2010-02-28,632
2010-03-01,58
2010-03-02,57
2010-03-03,701
2010-03-04,458
2010-03-05,1452
2010-03-06,105
2010-03-07,1235
2010-03-08,939
2010-03-09,619
2010-03-10,1285
2010-03-11,535
2010-03-12,628
2010-03-13,837
2010-03-14,1438
2010-03-15,1315
2010-03-16,70
2010-03-17,512
2010-03-18,812
2010-03-19,564
2010-03-20,113
2010-03-21,799
2010-03-22,336
2010-03-23,731
2010-03-24,94
2010-03-25,743
2010-03-26,532
2010-03-27,970
2010-03-28,1336
2010-03-29,920
2010-03-30,1027
2010-03-31,1247
2010-04-01,80
2010-04-02,302
2010-04-03,1041
2010-04-04,75
2010-04-05,380
2010-04-06,494
2010-04-07,443
2010-04-08,637
2010-04-09,1397
2010-04-10,1277
2010-04-11,1325
2010-04-12,1269
2010-04-13,225
2010-04-14,110
2010-04-15,1203
2010-04-16,1325
2010-04-17,317
2010-04-18,487
2010-04-19,331
2010-04-20,612
2010-04-21,1033
2010-04-22,662
2010-04-23,274
2010-04-24,897
2010-04-25,325
2010-04-26,818
2010-04-27,1070
2010-04-28,588
2010-04-29,653
2010-04-30,1247
2010-05-01,595
2010-05-02,382
2010-05-03,907
2010-05-04,1331
2010-05-05,353
2010-05-06,30
2010-05-07,1276
2010-05-08,532
2010-05-09,126
2010-05-10,1279
2010-05-11,1492
2010-05-12,875
2010-05-13,1109
2010-05-14,1449
2010-05-15,1447
2010-05-16,905
2010-05-17,34
2010-05-18,103
2010-05-19,41
2010-05-20,1004
2010-05-21,831
2010-05-22,1029
2010-05-23,539
2010-05-24,1100
2010-05-25,1376
2010-05-26,866
2010-05-27,679
2010-05-28,1000
2010-05-29,591
2010-05-30,941
2010-05-31,996
2010-06-01,1304
2010-06-02,1082
2010-06-03,225
2010-06-04,1396
2010-06-05,1193
2010-06-06,1065
2010-06-07,329
2010-06-08,1134
2010-06-09,143
2010-06-10,591
2010-06-11,1191
2010-06-12,1476
2010-06-13,766
2010-06-14,233
2010-06-15,1466
2010-06-16,1274
2010-06-17,601
2010-06-18,980
2010-06-19,241
2010-06-20,1068
2010-06-21,1431
2010-06-22,349
2010-06-23,742
2010-06-24,212
2010-06-25,1493
2010-06-26,1049
2010-06-27,1217
2010-06-28,217
2010-06-29,203
2010-06-30,246
2010-07-01,908
2010-07-02,1188
2010-07-03,143
2010-07-04,1264
2010-07-05,1113
2010-07-06,641
2010-07-07,659
2010-07-08,631
2010-07-09,318
2010-07-10,1149
2010-07-11,621
2010-07-12,841
2010-07-13,139
2010-07-14,1236
2010-07-15,1219
2010-07-16,877
2010-07-17,15
2010-07-18,923
2010-07-19,1464
2010-07-20,584
2010-07-21,411
2010-07-22,629
2010-07-23,346
2010-07-24,549
2010-07-25,335
2010-07-26,1451
2010-07-27,157
2010-07-28,515
2010-07-29,1341
2010-07-30,903
2010-07-31,1110
2010-08-01,1445
2010-08-02,300
2010-08-03,65
2010-08-04,669
2010-08-05,1308
2010-08-06,1049
2010-08-07,51
2010-08-08,1107
2010-08-09,1003
2010-08-10,992
2010-08-11,902
2010-08-12,427
2010-08-13,1368
2010-08-14,589
2010-08-15,236
2010-08-16,18
2010-08-17,651
2010-08-18,1462
2010-08-19,664
2010-08-20,999
2010-08-21,628
2010-08-22,722
2010-08-23,1031
2010-08-24,1280
2010-08-25,1042
2010-08-26,1437
2010-08-27,860
2010-08-28,1415
2010-08-29,799
2010-08-30,701
2010-08-31,749
2010-09-01,838
2010-09-02,354
2010-09-03,661
2010-09-04,513
2010-09-05,729
2010-09-06,881
2010-09-07,524
2010-09-08,271
2010-09-09,782
2010-09-10,297
2010-09-11,632
2010-09-12,1346
2010-09-13,1127
2010-09-14,1466
2010-09-15,1362
2010-09-16,1056
2010-09-17,1458
2010-09-18,994
2010-09-19,867
2010-09-20,1091
2010-09-21,685
2010-09-22,1412
2010-09-23,399
2010-09-24,72
2010-09-25,129
2010-09-26,1484
2010-09-27,67
2010-09-28,598
2010-09-29,393
2010-09-30,1320
2010-10-01,856
2010-10-02,151
2010-10-03,880
2010-10-04,881
2010-10-05,371
2010-10-06,1454
2010-10-07,1363
2010-10-08,1399
2010-10-09,906
2010-10-10,1462
2010-10-11,1271
2010-10-12,1314
2010-10-13,1229
2010-10-14,166
2010-10-15,457
2010-10-16,820
2010-10-17,373
2010-10-18,1453
2010-10-19,1386
2010-10-20,851
2010-10-21,1325
2010-10-22,238
2010-10-23,538
2010-10-24,30
2010-10-25,878
2010-10-26,900
2010-10-27,556
2010-10-28,198
2010-10-29,551
2010-10-30,1444
2010-10-31,502
2010-11-01,106
2010-11-02,429
2010-11-03,799
2010-11-04,128
2010-11-05,1313
2010-11-06,993
2010-11-07,642
2010-11-08,964
2010-11-09,668
2010-11-10,288
2010-11-11,439
2010-11-12,179
2010-11-13,1345
2010-11-14,1376
2010-11-15,957
2010-11-16,1203
2010-11-17,958
2010-11-18,980
2010-11-19,1426
2010-11-20,659
2010-11-21,373
2010-11-22,1072
2010-11-23,758
2010-11-24,1120
2010-11-25,1307
2010-11-26,1205
2010-11-27,796
2010-11-28,156
2010-11-29,1255
2010-11-30,800
2010-12-01,1261
2010-12-02,433
2010-12-03,1132
2010-12-04,1066
2010-12-05,116
2010-12-06,449
2010-12-07,364
2010-12-08,215
2010-12-09,466
2010-12-10,1220
2010-12-11,174
2010-12-12,1115
2010-12-13,1384
2010-12-14,340
2010-12-15,879
2010-12-16,1111
2010-12-17,753
2010-12-18,510
2010-12-19,486
2010-12-20,569
2010-12-21,559
2010-12-22,163
2010-12-23,106
2010-12-24,933
2010-12-25,1210
2010-12-26,1303
2010-12-27,1312
2010-12-28,911
2010-12-29,40
2010-12-30,42
2010-12-31,1324
2011-01-01,1361
2011-01-02,94
2011-01-03,707
2011-01-04,1273
2011-01-05,666
2011-01-06,446
2011-01-07,5
2011-01-08,1331
2011-01-09,1235
2011-01-10,160
2011-01-11,404
2011-01-12,828
2011-01-13,17
2011-01-14,1104
2011-01-15,106
2011-01-16,1217
2011-01-17,383
2011-01-18,520
2011-01-19,1469
2011-01-20,53
2011-01-21,108
2011-01-22,412
2011-01-23,505
2011-01-24,1246
2011-01-25,169
2011-01-26,1151
2011-01-27,1282
2011-01-28,495
2011-01-29,1090
2011-01-30,177
2011-01-31,763
2011-02-01,1418
2011-02-02,222
2011-02-03,1131
2011-02-04,1459
2011-02-05,1140
2011-02-06,628
2011-02-07,262
2011-02-08,18
2011-02-09,701
2011-02-10,1472
2011-02-11,891
2011-02-12,662
2011-02-13,512
2011-02-14,90
2011-02-15,1335
2011-02-16,1379
2011-02-17,1233
2011-02-18,1240
2011-02-19,378
2011-02-20,325
2011-02-21,795
2011-02-22,1425
2011-02-23,1012
2011-02-24,385
2011-02-25,1088
2011-02-26,5
2011-02-27,666
2011-02-28,304
2011-03-01,521
2011-03-02,1461
2011-03-03,1146
2011-03-04,1470
2011-03-05,1147
2011-03-06,696
2011-03-07,1425
2011-03-08,973
2011-03-09,1197
2011-03-10,16
2011-03-11,839
2011-03-12,1350
2011-03-13,1413
2011-03-14,710
2011-03-15,580
2011-03-16,933
2011-03-17,309
2011-03-18,307
2011-03-19,619
2011-03-20,88
2011-03-21,513
2011-03-22,124
2011-03-23,987
2011-03-24,468
2011-03-25,233
2011-03-26,751
2011-03-27,1284
2011-03-28,237
2011-03-29,495
2011-03-30,1311
2011-03-31,781
2011-04-01,423
2011-04-02,258
2011-04-03,69
2011-04-04,701
2011-04-05,557
2011-04-06,559
2011-04-07,891
2011-04-08,1497
2011-04-09,421
2011-04-10,1462
2011-04-11,36
2011-04-12,727
2011-04-13,779
2011-04-14,752
2011-04-15,1451
2011-04-16,616
2011-04-17,1351
2011-04-18,100
2011-04-19,701
2011-04-20,1016
2011-04-21,386
2011-04-22,933
2011-04-23,737
2011-04-24,713
2011-04-25,1354
2011-04-26,902
2011-04-27,797
2011-04-28,231
2011-04-29,596
2011-04-30,1219
2011-05-01,766
2011-05-02,708
2011-05-03,1381
2011-05-04,910
2011-05-05,134
2011-05-06,261
2011-05-07,910
2011-05-08,986
2011-05-09,959
2011-05-10,245
2011-05-11,1174
2011-05-12,811
2011-05-13,1030
2011-05-14,309
2011-05-15,115
2011-05-16,1314
2011-05-17,229
2011-05-18,1367
2011-05-19,1207
2011-05-20,1467
2011-05-21,552
2011-05-22,728
2011-05-23,1310
2011-05-24,891
2011-05-25,265
2011-05-26,1017
2011-05-27,1378
2011-05-28,1331
2011-05-29,732
2011-05-30,620
2011-05-31,1153
2011-06-01,445
2011-06-02,635
2011-06-03,488
2011-06-04,603
2011-06-05,863
2011-06-06,861
2011-06-07,943
2011-06-08,923
2011-06-09,3
2011-06-10,571
2011-06-11,1434
2011-06-12,372
2011-06-13,724
2011-06-14,872
2011-06-15,893
2011-06-16,324
2011-06-17,222
2011-06-18,253
2011-06-19,171
2011-06-20,1246
2011-06-21,1207
2011-06-22,1112
2011-06-23,24
2011-06-24,688
2011-06-25,236
2011-06-26,771
2011-06-27,247
2011-06-28,627
2011-06-29,323
2011-06-30,1448
2011-07-01,560
2011-07-02,1033
2011-07-03,348
2011-07-04,342
2011-07-05,1358
2011-07-06,1298
2011-07-07,229
2011-07-08,763
2011-07-09,524
2011-07-10,1112
2011-07-11,1288
2011-07-12,565
2011-07-13,12
2011-07-14,252
2011-07-15,1326
2011-07-16,778
2011-07-17,278
2011-07-18,833
2011-07-19,724
2011-07-20,701
2011-07-21,815
2011-07-22,314
2011-07-23,588
2011-07-24,1156
2011-07-25,57
2011-07-26,125
2011-07-27,790
2011-07-28,874
2011-07-29,860
2011-07-30,1452
2011-07-31,913
2011-08-01,858
2011-08-02,1390
2011-08-03,399
2011-08-04,815
2011-08-05,1467
2011-08-06,113
2011-08-07,680
2011-08-08,837
2011-08-09,726
2011-08-10,625
2011-08-11,944
2011-08-12,1190
2011-08-13,139
2011-08-14,1147
2011-08-15,388
2011-08-16,321
2011-08-17,1300
2011-08-18,340
2011-08-19,669
2011-08-20,1203
2011-08-21,492
2011-08-22,470
2011-08-23,520
2011-08-24,1284
2011-08-25,1379
2011-08-26,855
2011-08-27,328
2011-08-28,1295
2011-08-29,1230
2011-08-30,137
2011-08-31,415
2011-09-01,183
2011-09-02,1241
2011-09-03,497
2011-09-04,906
2011-09-05,1285
2011-09-06,1361
2011-09-07,22
2011-09-08,678
2011-09-09,387
2011-09-10,950
2011-09-11,665
2011-09-12,348
2011-09-13,1013
2011-09-14,689
2011-09-15,620
2011-09-16,1092
2011-09-17,31
2011-09-18,922
2011-09-19,837
2011-09-20,600
2011-09-21,981
2011-09-22,1332
2011-09-23,660
2011-09-24,1019
2011-09-25,1087
2011-09-26,888
2011-09-27,631
2011-09-28,683
2011-09-29,718
2011-09-30,1121
2011-10-01,1285
2011-10-02,662
2011-10-03,1468
2011-10-04,96
2011-10-05,1378
2011-10-06,185
2011-10-07,825
2011-10-08,901
2011-10-09,1393
2011-10-10,161
2011-10-11,388
2011-10-12,551
2011-10-13,1195
2011-10-14,603
2011-10-15,556
2011-10-16,1134
2011-10-17,460
2011-10-18,1304
2011-10-19,1373
2011-10-20,65
2011-10-21,676
2011-10-22,80
2011-10-23,266
2011-10-24,922
2011-10-25,670
2011-10-26,702
2011-10-27,725
2011-10-28,619
2011-10-29,255
2011-10-30,578
2011-10-31,777
2011-11-01,117
2011-11-02,1104
2011-11-03,780
2011-11-04,1316
2011-11-05,1387
2011-11-06,425
2011-11-07,270
2011-11-08,1465
2011-11-09,941
2011-11-10,779
2011-11-11,912
2011-11-12,1008
2011-11-13,1200
2011-11-14,611
2011-11-15,1004
2011-11-16,1092
2011-11-17,309
2011-11-18,617
2011-11-19,1210
2011-11-20,226
2011-11-21,833
2011-11-22,187
2011-11-23,948
2011-11-24,158
2011-11-25,692
2011-11-26,535
2011-11-27,1239
2011-11-28,625
2011-11-29,747
2011-11-30,1131
2011-12-01,934
2011-12-02,1187
2011-12-03,675
2011-12-04,915
2011-12-05,748
2011-12-06,1359
2011-12-07,500
2011-12-08,1242
2011-12-09,1014
2011-12-10,922
2011-12-11,310
2011-12-12,488
2011-12-13,1412
2011-12-14,95
2011-12-15,503
2011-12-16,1439
2011-12-17,681
2011-12-18,1068
2011-12-19,762
2011-12-20,418
2011-12-21,1409
2011-12-22,72
2011-12-23,684
2011-12-24,554
2011-12-25,1097
2011-12-26,391
2011-12-27,679
2011-12-28,772
2011-12-29,1381
2011-12-30,1387
2011-12-31,1360
2012-01-01,1187
2012-01-02,718
2012-01-03,306
2012-01-04,325
2012-01-05,1220
2012-01-06,585
2012-01-07,490
2012-01-08,713
2012-01-09,930
2012-01-10,566
2012-01-11,108
2012-01-12,304
2012-01-13,88
2012-01-14,1453
2012-01-15,315
2012-01-16,109
2012-01-17,161
2012-01-18,121
2012-01-19,460
2012-01-20,1200
2012-01-21,735
2012-01-22,45
2012-01-23,678
2012-01-24,398
2012-01-25,1025
2012-01-26,1432
2012-01-27,295
2012-01-28,447
2012-01-29,435
2012-01-30,972
2012-01-31,1026
2012-02-01,590
2012-02-02,421
2012-02-03,1178
2012-02-04,334
2012-02-05,952
2012-02-06,409
2012-02-07,992
2012-02-08,746
2012-02-09,974
2012-02-10,1206
2012-02-11,931
2012-02-12,1214
2012-02-13,788
2012-02-14,1108
2012-02-15,527
2012-02-16,926
2012-02-17,23
2012-02-18,817
2012-02-19,834
2012-02-20,1169
2012-02-21,1103
2012-02-22,321
2012-02-23,216
2012-02-24,225
2012-02-25,829
2012-02-26,1107
2012-02-27,95
2012-02-28,1085
2012-02-29,238
2012-03-01,900
2012-03-02,1325
2012-03-03,1008
2012-03-04,479
2012-03-05,1428
2012-03-06,458
2012-03-07,1265
2012-03-08,1262
2012-03-09,70
2012-03-10,1139
2012-03-11,1078
2012-03-12,1042
2012-03-13,238
2012-03-14,1482
2012-03-15,1418
2012-03-16,970
2012-03-17,1454
2012-03-18,870
2012-03-19,1243
2012-03-20,562
2012-03-21,1327
2012-03-22,683
2012-03-23,971
2012-03-24,333
2012-03-25,913
2012-03-26,862
2012-03-27,514
2012-03-28,1134
2012-03-29,344
2012-03-30,1024
2012-03-31,7
2012-04-01,980
2012-04-02,1254
2012-04-03,637
2012-04-04,846
2012-04-05,767
2012-04-06,57
2012-04-07,424
2012-04-08,1153
2012-04-09,460
2012-04-10,1093
2012-04-11,901
2012-04-12,184
2012-04-13,1152
2012-04-14,535
2012-04-15,983
2012-04-16,956
2012-04-17,1211
2012-04-18,319
2012-04-19,311
2012-04-20,1022
2012-04-21,1034
2012-04-22,1294
2012-04-23,635
2012-04-24,1279
2012-04-25,1032
2012-04-26,68
2012-04-27,669
2012-04-28,296
2012-04-29,100
2012-04-30,86
2012-05-01,793
2012-05-02,741
2012-05-03,1324
2012-05-04,908
2012-05-05,36
2012-05-06,206
2012-05-07,1165
2012-05-08,713
2012-05-09,138
2012-05-10,837
2012-05-11,1134
2012-05-12,376
2012-05-13,844
2012-05-14,342
2012-05-15,266
2012-05-16,3
2012-05-17,119
2012-05-18,648
2012-05-19,1454
2012-05-20,1171
2012-05-21,744
2012-05-22,733
2012-05-23,501
2012-05-24,602
2012-05-25,875
2012-05-26,837
2012-05-27,1139
2012-05-28,1190
2012-05-29,375
2012-05-30,1319
2012-05-31,239
2012-06-01,1025
2012-06-02,400
2012-06-03,58
2012-06-04,986
2012-06-05,457
2012-06-06,1219
2012-06-07,1032
2012-06-08,677
2012-06-09,581
2012-06-10,72
2012-06-11,446
2012-06-12,722
2012-06-13,1263
2012-06-14,6
2012-06-15,449
2012-06-16,687
2012-06-17,487
2012-06-18,383
2012-06-19,1179
2012-06-20,764
2012-06-21,1301
2012-06-22,1186
2012-06-23,67
2012-06-24,215
2012-06-25,1472
2012-06-26,80
2012-06-27,914
2012-06-28,512
2012-06-29,185
2012-06-30,974
2012-07-01,108
2012-07-02,465
2012-07-03,1413
2012-07-04,207
2012-07-05,217
2012-07-06,1411
2012-07-07,663
2012-07-08,1141
2012-07-09,269
2012-07-10,1165
2012-07-11,1100
2012-07-12,423
2012-07-13,109
2012-07-14,597
2012-07-15,160
2012-07-16,1305
2012-07-17,367
2012-07-18,202
2012-07-19,130
2012-07-20,498
2012-07-21,978
2012-07-22,1264
2012-07-23,431
2012-07-24,1160
2012-07-25,1038
2012-07-26,267
2012-07-27,57
2012-07-28,1351
2012-07-29,483
2012-07-30,1458
2012-07-31,352
2012-08-01,1078
2012-08-02,777
2012-08-03,198
2012-08-04,1054
2012-08-05,134
2012-08-06,324
2012-08-07,753
2012-08-08,265
2012-08-09,1354
2012-08-10,538
2012-08-11,686
2012-08-12,1073
2012-08-13,193
2012-08-14,1041
2012-08-15,993
2012-08-16,332
2012-08-17,1463
2012-08-18,1120
2012-08-19,1005
2012-08-20,1375
2012-08-21,927
2012-08-22,424
2012-08-23,1041
2012-08-24,1180
2012-08-25,265
2012-08-26,1110
2012-08-27,1233
2012-08-28,993
2012-08-29,1255
2012-08-30,65
2012-08-31,17
2012-09-01,710
2012-09-02,1428
2012-09-03,1156
2012-09-04,421
2012-09-05,272
2012-09-06,1201
2012-09-07,1124
2012-09-08,1285
2012-09-09,639
2012-09-10,1127
2012-09-11,1331
2012-09-12,387
2012-09-13,437
2012-09-14,1057
2012-09-15,1039
2012-09-16,680
2012-09-17,799
2012-09-18,125
2012-09-19,489
2012-09-20,72
2012-09-21,370
2012-09-22,599
2012-09-23,411
2012-09-24,1339
2012-09-25,161
2012-09-26,536
2012-09-27,1224
2012-09-28,1338
2012-09-29,515
2012-09-30,1323
2012-10-01,1180
2012-10-02,519
2012-10-03,1200
2012-10-04,1358
2012-10-05,841
2012-10-06,492
2012-10-07,1465
2012-10-08,1133
2012-10-09,1193
2012-10-10,1342
2012-10-11,1056
2012-10-12,167
2012-10-13,180
2012-10-14,608
2012-10-15,669
2012-10-16,1381
2012-10-17,821
2012-10-18,303
2012-10-19,750
2012-10-20,474
2012-10-21,1490
2012-10-22,460
2012-10-23,1004
2012-10-24,761
2012-10-25,623
2012-10-26,1296
2012-10-27,35
2012-10-28,937
2012-10-29,1228
2012-10-30,117
2012-10-31,272
2012-11-01,259
2012-11-02,147
2012-11-03,1036
2012-11-04,1001
2012-11-05,418
2012-11-06,1082
2012-11-07,1398
2012-11-08,617
2012-11-09,1475
2012-11-10,1476
2012-11-11,104
2012-11-12,138
2012-11-13,275
2012-11-14,82
2012-11-15,1406
2012-11-16,427
2012-11-17,1230
2012-11-18,1385
2012-11-19,635
2012-11-20,391
2012-11-21,1321
2012-11-22,282
2012-11-23,245
2012-11-24,872
2012-11-25,615
2012-11-26,792
2012-11-27,1424
2012-11-28,1165
2012-11-29,978
2012-11-30,1488
2012-12-01,882
2012-12-02,1193
2012-12-03,267
2012-12-04,69
2012-12-05,1130
2012-12-06,825
2012-12-07,1208
2012-12-08,331
2012-12-09,241
2012-12-10,1052
2012-12-11,1458
2012-12-12,186
2012-12-13,958
2012-12-14,1148
2012-12-15,884
2012-12-16,624
2012-12-17,1442
2012-12-18,207
2012-12-19,1067
2012-12-20,1320
2012-12-21,1039
2012-12-22,956
2012-12-23,337
2012-12-24,453
2012-12-25,1300
2012-12-26,199
2012-12-27,388
2012-12-28,159
2012-12-29,1103
2012-12-30,1119
2012-12-31,1172
2013-01-01,939
2013-01-02,1227
2013-01-03,402
2013-01-04,1174
2013-01-05,178
2013-01-06,9
2013-01-07,141
2013-01-08,1073
2013-01-09,749
2013-01-10,328
2013-01-11,517
2013-01-12,791
2013-01-13,38
2013-01-14,504
2013-01-15,594
2013-01-16,1373
2013-01-17,997
2013-01-18,582
2013-01-19,917
2013-01-20,488
2013-01-21,328
2013-01-22,708
2013-01-23,287
2013-01-24,520
2013-01-25,153
2013-01-26,1228
2013-01-27,638
2013-01-28,783
2013-01-29,1169
2013-01-30,898
2013-01-31,746
2013-02-01,21
2013-02-02,617
2013-02-03,628
2013-02-04,1179
2013-02-05,936
2013-02-06,99
2013-02-07,1183
2013-02-08,92
2013-02-09,631
2013-02-10,941
2013-02-11,1446
2013-02-12,807
2013-02-13,1371
2013-02-14,1058
2013-02-15,773
2013-02-16,830
2013-02-17,1411
2013-02-18,655
2013-02-19,10
2013-02-20,1189
2013-02-21,989
2013-02-22,214
2013-02-23,434
2013-02-24,1390
2013-02-25,254
2013-02-26,920
2013-02-27,661
2013-02-28,558
2013-03-01,1424
2013-03-02,237
2013-03-03,1356
2013-03-04,1234
2013-03-05,477
2013-03-06,712
2013-03-07,113
2013-03-08,1338
2013-03-09,647
2013-03-10,603
2013-03-11,1075
2013-03-12,962
2013-03-13,222
2013-03-14,999
2013-03-15,1454
2013-03-16,1268
2013-03-17,96
2013-03-18,839
2013-03-19,537
2013-03-20,793
2013-03-21,62
2013-03-22,1196
2013-03-23,71
2013-03-24,294
2013-03-25,1479
2013-03-26,492
2013-03-27,93
2013-03-28,500
2013-03-29,607
2013-03-30,1381
2013-03-31,461
2013-04-01,969
2013-04-02,1347
2013-04-03,656
2013-04-04,1263
2013-04-05,895
2013-04-06,56
2013-04-07,1362
2013-04-08,583
2013-04-09,476
2013-04-10,584
2013-04-11,620
2013-04-12,319
2013-04-13,493
2013-04-14,1413
2013-04-15,99
2013-04-16,903
2013-04-17,658
2013-04-18,605
2013-04-19,242
2013-04-20,1273
2013-04-21,849
2013-04-22,1023
2013-04-23,557
2013-04-24,174
2013-04-25,681
2013-04-26,1137
2013-04-27,425
2013-04-28,620
2013-04-29,1116
2013-04-30,1179
2013-05-01,247
2013-05-02,1250
2013-05-03,397
2013-05-04,654
2013-05-05,449
2013-05-06,895
2013-05-07,1332
2013-05-08,166
2013-05-09,1362
2013-05-10,1170
2013-05-11,434
2013-05-12,1120
2013-05-13,1375
2013-05-14,1413
2013-05-15,441
2013-05-16,1376
2013-05-17,458
2013-05-18,1165
2013-05-19,352
2013-05-20,412
2013-05-21,172
2013-05-22,1029
2013-05-23,139
2013-05-24,1369
2013-05-25,72
2013-05-26,846
2013-05-27,616
2013-05-28,24
2013-05-29,20
2013-05-30,146
2013-05-31,1411
2013-06-01,1265
2013-06-02,284
2013-06-03,258
2013-06-04,432
2013-06-05,801
2013-06-06,461
2013-06-07,1463
2013-06-08,1077
2013-06-09,1095
2013-06-10,1254
2013-06-11,171
2013-06-12,183
2013-06-13,933
2013-06-14,530
2013-06-15,1096
2013-06-16,492
2013-06-17,1397
2013-06-18,1194
2013-06-19,411
2013-06-20,325
2013-06-21,251
2013-06-22,175
2013-06-23,208
2013-06-24,194
2013-06-25,1441
2013-06-26,1322
2013-06-27,1239
2013-06-28,222
2013-06-29,1185
2013-06-30,913
2013-07-01,1249
2013-07-02,167
2013-07-03,993
2013-07-04,626
2013-07-05,236
2013-07-06,473
2013-07-07,1343
2013-07-08,1364
2013-07-09,300
2013-07-10,456
2013-07-11,1015
2013-07-12,516
2013-07-13,267
2013-07-14,1231
2013-07-15,388
2013-07-16,269
2013-07-17,1471
2013-07-18,51
2013-07-19,1009
2013-07-20,1447
2013-07-21,1156
2013-07-22,780
2013-07-23,4
2013-07-24,1080
2013-07-25,450
2013-07-26,1125
2013-07-27,182
2013-07-28,105
2013-07-29,509
2013-07-30,777
2013-07-31,1130
2013-08-01,1455
2013-08-02,772
2013-08-03,373
2013-08-04,713
2013-08-05,214
2013-08-06,1000
2013-08-07,1410
2013-08-08,1419
2013-08-09,660
2013-08-10,1482
2013-08-11,711
2013-08-12,670
2013-08-13,1392
2013-08-14,1096
2013-08-15,1312
2013-08-16,1152
2013-08-17,38
2013-08-18,361
2013-08-19,134
2013-08-20,23
2013-08-21,682
2013-08-22,253
2013-08-23,733
2013-08-24,84
2013-08-25,113
2013-08-26,1346
2013-08-27,200
2013-08-28,826
2013-08-29,1010
2013-08-30,1032
2013-08-31,183
2013-09-01,1480
2013-09-02,715
2013-09-03,276
2013-09-04,110
2013-09-05,1482
2013-09-06,53
2013-09-07,56
2013-09-08,705
2013-09-09,452
2013-09-10,794
2013-09-11,472
2013-09-12,34
2013-09-13,133
2013-09-14,109
2013-09-15,533
2013-09-16,758
2013-09-17,52
2013-09-18,929
2013-09-19,1044
2013-09-20,61
2013-09-21,1071
2013-09-22,272
2013-09-23,880
2013-09-24,102
2013-09-25,1058
2013-09-26,1003
2013-09-27,886
2013-09-28,852
2013-09-29,762
2013-09-30,540
2013-10-01,942
2013-10-02,1481
2013-10-03,1399
2013-10-04,1094
2013-10-05,1387
2013-10-06,1307
2013-10-07,418
2013-10-08,104
2013-10-09,324
2013-10-10,1066
2013-10-11,1256
2013-10-12,692
2013-10-13,1162
2013-10-14,1207
2013-10-15,1319
2013-10-16,736
2013-10-17,811
2013-10-18,1315
2013-10-19,760
2013-10-20,567
2013-10-21,1078
2013-10-22,1108
2013-10-23,214
2013-10-24,1330
2013-10-25,407
2013-10-26,996
2013-10-27,1237
2013-10-28,755
2013-10-29,710
2013-10-30,1298
2013-10-31,209
2013-11-01,806
2013-11-02,876
2013-11-03,178
2013-11-04,505
2013-11-05,1461
2013-11-06,218
2013-11-07,957
2013-11-08,968
2013-11-09,1053
2013-11-10,943
2013-11-11,92
2013-11-12,89
2013-11-13,671
2013-11-14,1259
2013-11-15,1237
2013-11-16,1057
2013-11-17,862
2013-11-18,793
2013-11-19,1298
2013-11-20,562
2013-11-21,790
2013-11-22,621
2013-11-23,632
2013-11-24,620
2013-11-25,81
2013-11-26,1025
2013-11-27,811
2013-11-28,248
2013-11-29,1425
2013-11-30,385
2013-12-01,590
2013-12-02,1291
2013-12-03,1452
2013-12-04,71
2013-12-05,1348
2013-12-06,1001
2013-12-07,1341
2013-12-08,164
2013-12-09,1099
2013-12-10,1335
2013-12-11,1269
2013-12-12,435
2013-12-13,88
2013-12-14,377
2013-12-15,962
2013-12-16,236
2013-12-17,1040
2013-12-18,687
2013-12-19,551
2013-12-20,402
2013-12-21,1429
2013-12-22,1434
2013-12-23,893
2013-12-24,433
2013-12-25,450
2013-12-26,563
2013-12-27,241
2013-12-28,1024
2013-12-29,855
2013-12-30,1227
2013-12-31,1414
2014-01-01,1424
2014-01-02,557
2014-01-03,206
2014-01-04,1415
2014-01-05,80
2014-01-06,1216
2014-01-07,283
2014-01-08,639
2014-01-09,1358
2014-01-10,1488
2014-01-11,184
2014-01-12,144
2014-01-13,1074
2014-01-14,1060
2014-01-15,1240
2014-01-16,688
2014-01-17,1191
2014-01-18,612
2014-01-19,774
2014-01-20,392
2014-01-21,693
2014-01-22,406
2014-01-23,1166
2014-01-24,1199
2014-01-25,1249
2014-01-26,497
2014-01-27,1261
2014-01-28,1298
2014-01-29,190
2014-01-30,900
2014-01-31,898
2014-02-01,153
2014-02-02,567
2014-02-03,1392
2014-02-04,1022
2014-02-05,529
2014-02-06,288
2014-02-07,965
2014-02-08,490
2014-02-09,1472
2014-02-10,1344
2014-02-11,1223
2014-02-12,749
2014-02-13,1101
2014-02-14,1102
2014-02-15,1423
2014-02-16,151
2014-02-17,1022
2014-02-18,74
2014-02-19,6
2014-02-20,685
2014-02-21,66
2014-02-22,518
2014-02-23,267
2014-02-24,1462
2014-02-25,1383
2014-02-26,94
2014-02-27,1211
2014-02-28,943
2014-03-01,293
2014-03-02,1217
2014-03-03,1080
2014-03-04,1289
2014-03-05,986
2014-03-06,1359
2014-03-07,98
2014-03-08,705
2014-03-09,423
2014-03-10,1459
2014-03-11,6
2014-03-12,608
2014-03-13,24
2014-03-14,1228
2014-03-15,638
2014-03-16,877
2014-03-17,789
2014-03-18,1241
2014-03-19,1344
2014-03-20,739
2014-03-21,1248
2014-03-22,455
2014-03-23,791
2014-03-24,1419
2014-03-25,451
2014-03-26,1238
2014-03-27,89
2014-03-28,377
2014-03-29,756
2014-03-30,1158
2014-03-31,1084
2014-04-01,159
2014-04-02,206
2014-04-03,887
2014-04-04,567
2014-04-05,1212
2014-04-06,917
2014-04-07,24
2014-04-08,136
2014-04-09,956
2014-04-10,240
2014-04-11,583
2014-04-12,384
2014-04-13,710
2014-04-14,1119
2014-04-15,1382
2014-04-16,1276
2014-04-17,864
2014-04-18,1481
2014-04-19,944
2014-04-20,1209
2014-04-21,280
2014-04-22,270
2014-04-23,893
2014-04-24,252
2014-04-25,1199
2014-04-26,144
2014-04-27,823
2014-04-28,220
2014-04-29,1289
2014-04-30,167
2014-05-01,273
2014-05-02,862
2014-05-03,1147
2014-05-04,1308
2014-05-05,1206
2014-05-06,1306
2014-05-07,797
2014-05-08,813
2014-05-09,134
2014-05-10,645
2014-05-11,1342
2014-05-12,635
2014-05-13,1187
2014-05-14,74
2014-05-15,1268
2014-05-16,1436
2014-05-17,543
2014-05-18,1452
2014-05-19,1232
2014-05-20,1415
2014-05-21,711
2014-05-22,1475
2014-05-23,621
2014-05-24,752
2014-05-25,1090
2014-05-26,1133
2014-05-27,1307
2014-05-28,371
2014-05-29,950
2014-05-30,1363
2014-05-31,312
2014-06-01,837
2014-06-02,674
2014-06-03,919
2014-06-04,691
2014-06-05,119
2014-06-06,1322
2014-06-07,233
2014-06-08,876
2014-06-09,1240
2014-06-10,755
2014-06-11,478
2014-06-12,106
2014-06-13,706
2014-06-14,400
2014-06-15,278
2014-06-16,744
2014-06-17,1435
2014-06-18,775
2014-06-19,914
2014-06-20,592
2014-06-21,1495
2014-06-22,379
2014-06-23,919
2014-06-24,264
2014-06-25,195
2014-06-26,104
2014-06-27,641
2014-06-28,405
2014-06-29,263
2014-06-30,1127
2014-07-01,485
2014-07-02,1209
2014-07-03,1094
2014-07-04,1074
2014-07-05,105
2014-07-06,1037
2014-07-07,397
2014-07-08,826
2014-07-09,1073
2014-07-10,1199
2014-07-11,307
2014-07-12,151
2014-07-13,1071
2014-07-14,664
2014-07-15,1280
2014-07-16,278
2014-07-17,501
2014-07-18,873
2014-07-19,764
2014-07-20,601
2014-07-21,233
2014-07-22,1023
2014-07-23,1483
2014-07-24,1285
2014-07-25,68
2014-07-26,1050
2014-07-27,355
2014-07-28,1484
2014-07-29,848
2014-07-30,1242
2014-07-31,34
2014-08-01,959
2014-08-02,1242
2014-08-03,671
2014-08-04,835
2014-08-05,227
2014-08-06,264
2014-08-07,815
2014-08-08,123
2014-08-09,270
2014-08-10,513
2014-08-11,13
2014-08-12,1101
2014-08-13,1202
2014-08-14,1035
2014-08-15,876
2014-08-16,1080
2014-08-17,92
2014-08-18,727
2014-08-19,845
2014-08-20,57
2014-08-21,1283
2014-08-22,58
2014-08-23,756
2014-08-24,572
2014-08-25,826
2014-08-26,1197
2014-08-27,1211
2014-08-28,1444
2014-08-29,942
2014-08-30,508
2014-08-31,1219
2014-09-01,999
2014-09-02,1183
2014-09-03,603
2014-09-04,550
2014-09-05,121
2014-09-06,1229
2014-09-07,1339
2014-09-08,371
2014-09-09,1147
2014-09-10,588
2014-09-11,1219
2014-09-12,1406
2014-09-13,1099
2014-09-14,852
2014-09-15,1437
2014-09-16,175
2014-09-17,262
2014-09-18,322
2014-09-19,24
2014-09-20,912
2014-09-21,67
2014-09-22,524
2014-09-23,551
2014-09-24,1474
2014-09-25,272
2014-09-26,616
2014-09-27,1179
2014-09-28,722
2014-09-29,708
2014-09-30,1334
2014-10-01,1475
2014-10-02,603
2014-10-03,581
2014-10-04,695
2014-10-05,563
2014-10-06,1046
2014-10-07,922
2014-10-08,542
2014-10-09,873
2014-10-10,1354
2014-10-11,982
2014-10-12,1042
2014-10-13,117
2014-10-14,667
2014-10-15,1449
2014-10-16,48
2014-10-17,1214
2014-10-18,823
2014-10-19,1330
2014-10-20,1480
2014-10-21,597
2014-10-22,1370
2014-10-23,598
2014-10-24,817
2014-10-25,245
2014-10-26,835
2014-10-27,717
2014-10-28,866
2014-10-29,234
2014-10-30,252
2014-10-31,367
2014-11-01,679
2014-11-02,897
2014-11-03,546
2014-11-04,1318
2014-11-05,228
2014-11-06,455
2014-11-07,884
2014-11-08,1097
2014-11-09,414
2014-11-10,1298
2014-11-11,1442
2014-11-12,1202
2014-11-13,965
2014-11-14,0
2014-11-15,19
2014-11-16,1248
2014-11-17,744
2014-11-18,251
2014-11-19,1163
2014-11-20,1058
2014-11-21,709
2014-11-22,169
2014-11-23,1422
2014-11-24,543
2014-11-25,844
2014-11-26,467
2014-11-27,1397
2014-11-28,1264
2014-11-29,214
2014-11-30,711
2014-12-01,295
2014-12-02,237
2014-12-03,1031
2014-12-04,507
2014-12-05,421
2014-12-06,13
2014-12-07,167
2014-12-08,1196
2014-12-09,1382
2014-12-10,785
2014-12-11,702
2014-12-12,1435
2014-12-13,828
2014-12-14,279
2014-12-15,1344
2014-12-16,913
2014-12-17,163
2014-12-18,72
2014-12-19,37
2014-12-20,174
2014-12-21,308
2014-12-22,383
2014-12-23,515
2014-12-24,249
2014-12-25,299
2014-12-26,1420
2014-12-27,1137
2014-12-28,1072
2014-12-29,1354
2014-12-30,1346
2014-12-31,878
2015-01-01,923
2015-01-02,404
2015-01-03,53
2015-01-04,1007
2015-01-05,606
2015-01-06,261
2015-01-07,681
2015-01-08,582
2015-01-09,66
2015-01-10,904
2015-01-11,329
2015-01-12,1429
2015-01-13,647
2015-01-14,952
2015-01-15,1235
2015-01-16,1172
2015-01-17,1377
2015-01-18,59
2015-01-19,321
2015-01-20,295
2015-01-21,1011
2015-01-22,385
2015-01-23,32
2015-01-24,497
2015-01-25,338
2015-01-26,558
2015-01-27,1143
2015-01-28,113
2015-01-29,517
2015-01-30,539
2015-01-31,938
2015-02-01,507
2015-02-02,296
2015-02-03,31
2015-02-04,183
2015-02-05,802
2015-02-06,907
2015-02-07,1194
2015-02-08,1270
2015-02-09,535
2015-02-10,473
2015-02-11,1046
2015-02-12,682
2015-02-13,1155
2015-02-14,607
2015-02-15,269
2015-02-16,1174
2015-02-17,919
2015-02-18,967
2015-02-19,1251
2015-02-20,487
2015-02-21,217
2015-02-22,660
2015-02-23,51
2015-02-24,602
2015-02-25,61
2015-02-26,1494
2015-02-27,137
2015-02-28,499
2015-03-01,461
2015-03-02,153
2015-03-03,1052
2015-03-04,1219
2015-03-05,285
2015-03-06,69
2015-03-07,1419
2015-03-08,880
2015-03-09,1264
2015-03-10,420
2015-03-11,1001
2015-03-12,461
2015-03-13,887
2015-03-14,904
2015-03-15,505
2015-03-16,1468
2015-03-17,1349
2015-03-18,712
2015-03-19,321
2015-03-20,298
2015-03-21,1059
2015-03-22,1148
2015-03-23,167
2015-03-24,223
2015-03-25,480
2015-03-26,129
2015-03-27,805
2015-03-28,96
2015-03-29,581
2015-03-30,803
2015-03-31,703
2015-04-01,794
2015-04-02,1466
2015-04-03,1101
2015-04-04,1283
2015-04-05,1384
2015-04-06,30
2015-04-07,561
2015-04-08,1194
2015-04-09,867
2015-04-10,932
2015-04-11,410
2015-04-12,1213
2015-04-13,451
2015-04-14,1117
2015-04-15,35
2015-04-16,730
2015-04-17,512
2015-04-18,135
2015-04-19,823
2015-04-20,939
2015-04-21,560
2015-04-22,794
2015-04-23,1395
2015-04-24,741
2015-04-25,529
2015-04-26,131
2015-04-27,1405
2015-04-28,1109
2015-04-29,1083
2015-04-30,1417
2015-05-01,637
2015-05-02,1240
2015-05-03,1398
2015-05-04,17
2015-05-05,451
2015-05-06,916
2015-05-07,502
2015-05-08,480
2015-05-09,806
2015-05-10,1222
2015-05-11,262
2015-05-12,1013
2015-05-13,536
2015-05-14,175
2015-05-15,1344
2015-05-16,222
2015-05-17,463
2015-05-18,758
2015-05-19,422
2015-05-20,404
2015-05-21,1317
2015-05-22,1352
2015-05-23,539
2015-05-24,1426
2015-05-25,82
2015-05-26,666
2015-05-27,346
2015-05-28,317
2015-05-29,1035
2015-05-30,188
2015-05-31,19
2015-06-01,773
2015-06-02,1264
2015-06-03,653
2015-06-04,168
2015-06-05,206
2015-06-06,1094
2015-06-07,1478
2015-06-08,1195
2015-06-09,1046
2015-06-10,14
2015-06-11,470
2015-06-12,1062
2015-06-13,8
2015-06-14,811
2015-06-15,967
2015-06-16,1397
2015-06-17,1378
2015-06-18,84
2015-06-19,56
2015-06-20,458
2015-06-21,506
2015-06-22,566
2015-06-23,508
2015-06-24,994
2015-06-25,1364
2015-06-26,1085
2015-06-27,738
2015-06-28,525
2015-06-29,443
2015-06-30,888
2015-07-01,141
2015-07-02,585
2015-07-03,1313
2015-07-04,477
2015-07-05,1485
2015-07-06,1019
2015-07-07,1233
2015-07-08,103
2015-07-09,1221
2015-07-10,891
2015-07-11,1406
2015-07-12,92
2015-07-13,324
2015-07-14,66
2015-07-15,1496
2015-07-16,1240
2015-07-17,506
2015-07-18,409
2015-07-19,1233
2015-07-20,656
2015-07-21,111
2015-07-22,893
2015-07-23,47
2015-07-24,1410
2015-07-25,909
2015-07-26,729
2015-07-27,455
2015-07-28,1318
2015-07-29,278
2015-07-30,716
2015-07-31,1069
2015-08-01,1440
2015-08-02,1073
2015-08-03,1220
2015-08-04,815
2015-08-05,256
2015-08-06,1062
2015-08-07,582
2015-08-08,845
2015-08-09,546
2015-08-10,277
2015-08-11,1028
2015-08-12,1028
2015-08-13,392
2015-08-14,1180
2015-08-15,955
2015-08-16,892
2015-08-17,655
2015-08-18,465
2015-08-19,367
2015-08-20,226
2015-08-21,478
2015-08-22,893
2015-08-23,849
2015-08-24,635
2015-08-25,13
2015-08-26,615
2015-08-27,22
2015-08-28,1036
2015-08-29,381
2015-08-30,941
2015-08-31,659
2015-09-01,540
2015-09-02,1209
2015-09-03,1096
2015-09-04,6
2015-09-05,424
2015-09-06,636
2015-09-07,222
2015-09-08,1197
2015-09-09,1051
2015-09-10,256
2015-09-11,413
2015-09-12,757
2015-09-13,329
2015-09-14,267
2015-09-15,1043
2015-09-16,487
2015-09-17,526
2015-09-18,829
2015-09-19,611
2015-09-20,950
2015-09-21,408
2015-09-22,985
2015-09-23,99
2015-09-24,699
2015-09-25,596
2015-09-26,1063
2015-09-27,9
2015-09-28,1295
2015-09-29,1047
2015-09-30,536
2015-10-01,800
2015-10-02,38
2015-10-03,495
2015-10-04,1191
2015-10-05,1221
2015-10-06,555
2015-10-07,1299
2015-10-08,1444
2015-10-09,927
2015-10-10,1351
2015-10-11,93
2015-10-12,356
2015-10-13,1364
2015-10-14,109
2015-10-15,1288
2015-10-16,1248
2015-10-17,843
2015-10-18,6
2015-10-19,1261
2015-10-20,1377
2015-10-21,1355
2015-10-22,232
2015-10-23,314
2015-10-24,818
2015-10-25,1121
2015-10-26,811
2015-10-27,594
2015-10-28,397
2015-10-29,675
2015-10-30,555
2015-10-31,1327
2015-11-01,348
2015-11-02,1309
2015-11-03,1314
2015-11-04,218
2015-11-05,363
2015-11-06,1436
2015-11-07,1186
2015-11-08,890
2015-11-09,1299
2015-11-10,1444
2015-11-11,191
2015-11-12,412
2015-11-13,1108
2015-11-14,178
2015-11-15,759
2015-11-16,227
2015-11-17,915
2015-11-18,572
2015-11-19,39
2015-11-20,494
2015-11-21,1372
2015-11-22,1105
2015-11-23,264
2015-11-24,807
2015-11-25,864
2015-11-26,323
2015-11-27,1460
2015-11-28,486
2015-11-29,172
2015-11-30,93
2015-12-01,1364
2015-12-02,203
2015-12-03,517
2015-12-04,469
2015-12-05,721
2015-12-06,117
2015-12-07,1078
2015-12-08,97
2015-12-09,223
2015-12-10,861
2015-12-11,208
2015-12-12,825
2015-12-13,1221
2015-12-14,128
2015-12-15,833
2015-12-16,1009
2015-12-17,645
2015-12-18,1340
2015-12-19,789
2015-12-20,252
2015-12-21,477
2015-12-22,1496
2015-12-23,1010
2015-12-24,624
2015-12-25,1314
2015-12-26,411
2015-12-27,763
2015-12-28,1329
2015-12-29,119
2015-12-30,1202
2015-12-31,304
2016-01-01,558
2016-01-02,363
2016-01-03,186
2016-01-04,479
2016-01-05,35
2016-01-06,1353
2016-01-07,590
2016-01-08,603
2016-01-09,945
2016-01-10,703
2016-01-11,1274
2016-01-12,722
2016-01-13,287
2016-01-14,1371
2016-01-15,246
2016-01-16,1211
2016-01-17,497
2016-01-18,719
2016-01-19,1071
2016-01-20,961
2016-01-21,222
2016-01-22,1138
2016-01-23,1218
2016-01-24,819
2016-01-25,915
2016-01-26,439
2016-01-27,704
2016-01-28,305
2016-01-29,320
2016-01-30,236
2016-01-31,522
2016-02-01,1479
2016-02-02,743
2016-02-03,1421
2016-02-04,398
2016-02-05,185
2016-02-06,991
2016-02-07,1124
2016-02-08,1196
2016-02-09,55
2016-02-10,169
2016-02-11,1027
2016-02-12,1035
2016-02-13,1
2016-02-14,662
2016-02-15,394
2016-02-16,883
2016-02-17,981
2016-02-18,1089
2016-02-19,993
2016-02-20,886
2016-02-21,823
2016-02-22,235
2016-02-23,286
2016-02-24,1083
2016-02-25,1432
2016-02-26,351
2016-02-27,728
2016-02-28,1055
2016-02-29,435
2016-03-01,623
2016-03-02,395
2016-03-03,1158
2016-03-04,260
2016-03-05,631
2016-03-06,424
2016-03-07,1492
2016-03-08,933
2016-03-09,683
2016-03-10,728
2016-03-11,316
2016-03-12,524
2016-03-13,1390
2016-03-14,455
2016-03-15,519
2016-03-16,299
2016-03-17,517
2016-03-18,708
2016-03-19,42
2016-03-20,1494
2016-03-21,953
2016-03-22,187
2016-03-23,621
2016-03-24,551
2016-03-25,1310
2016-03-26,1139
2016-03-27,527
2016-03-28,718
2016-03-29,989
2016-03-30,1029
2016-03-31,18
2016-04-01,1296
2016-04-02,697
2016-04-03,867
2016-04-04,1126
2016-04-05,1485
2016-04-06,172
2016-04-07,1215
2016-04-08,1053
2016-04-09,774
2016-04-10,1280
2016-04-11,815
2016-04-12,715
2016-04-13,251
2016-04-14,73
2016-04-15,1220
2016-04-16,1363
2016-04-17,3
2016-04-18,1235
2016-04-19,32
2016-04-20,1461
2016-04-21,561
2016-04-22,1135
2016-04-23,114
2016-04-24,916
2016-04-25,529
2016-04-26,35
2016-04-27,2
2016-04-28,1178
2016-04-29,100
2016-04-30,809
2016-05-01,647
2016-05-02,1421
2016-05-03,206
2016-05-04,347
2016-05-05,137
2016-05-06,455
2016-05-07,104
2016-05-08,448
2016-05-09,1355
2016-05-10,1102
2016-05-11,1345
2016-05-12,859
2016-05-13,1106
2016-05-14,2
2016-05-15,684
2016-05-16,706
2016-05-17,1264
2016-05-18,1169
2016-05-19,599
2016-05-20,466
2016-05-21,1377
2016-05-22,702
2016-05-23,1459
2016-05-24,125
2016-05-25,617
2016-05-26,1458
2016-05-27,1157
2016-05-28,1049
2016-05-29,1222
2016-05-30,270
2016-05-31,1400
2016-06-01,195
2016-06-02,913
2016-06-03,1300
2016-06-04,378
2016-06-05,875
2016-06-06,473
2016-06-07,1089
2016-06-08,371
2016-06-09,878
2016-06-10,82
2016-06-11,206
2016-06-12,931
2016-06-13,514
2016-06-14,44
2016-06-15,1149
2016-06-16,1074
2016-06-17,1321
2016-06-18,30
2016-06-19,517
2016-06-20,151
2016-06-21,693
2016-06-22,1000
2016-06-23,1215
2016-06-24,1185
2016-06-25,313
2016-06-26,460
2016-06-27,1117
2016-06-28,1447
2016-06-29,656
2016-06-30,1400
2016-07-01,499
2016-07-02,724
2016-07-03,906
2016-07-04,1261
2016-07-05,1121
2016-07-06,1102
2016-07-07,632
2016-07-08,1465
2016-07-09,5
2016-07-10,810
2016-07-11,1127
2016-07-12,491
2016-07-13,500
2016-07-14,752
2016-07-15,856
2016-07-16,59
2016-07-17,935
2016-07-18,1035
2016-07-19,424
2016-07-20,822
2016-07-21,681
2016-07-22,262
2016-07-23,152
2016-07-24,970
2016-07-25,1304
2016-07-26,1067
2016-07-27,1301
2016-07-28,1291
2016-07-29,1384
2016-07-30,636
2016-07-31,910
2016-08-01,782
2016-08-02,1010
2016-08-03,745
2016-08-04,997
2016-08-05,441
2016-08-06,933
2016-08-07,1164
2016-08-08,47
2016-08-09,333
2016-08-10,228
2016-08-11,1485
2016-08-12,935
2016-08-13,244
2016-08-14,816
2016-08-15,585
2016-08-16,1435
2016-08-17,750
2016-08-18,918
2016-08-19,622
2016-08-20,566
2016-08-21,232
2016-08-22,220
2016-08-23,1021
2016-08-24,1425
2016-08-25,1465
2016-08-26,1151
2016-08-27,589
2016-08-28,311
2016-08-29,674
2016-08-30,1371
2016-08-31,824
2016-09-01,305
2016-09-02,1159
2016-09-03,1438
2016-09-04,114
2016-09-05,354
2016-09-06,81
2016-09-07,276
2016-09-08,126
2016-09-09,513
2016-09-10,293
2016-09-11,811
2016-09-12,954
2016-09-13,1172
2016-09-14,1433
2016-09-15,216
2016-09-16,617
2016-09-17,539
2016-09-18,163
2016-09-19,799
2016-09-20,868
2016-09-21,458
2016-09-22,510
2016-09-23,1268
2016-09-24,497
2016-09-25,204
2016-09-26,234
2016-09-27,1237
2016-09-28,1205
2016-09-29,428
2016-09-30,586
2016-10-01,1482
2016-10-02,667
2016-10-03,326
2016-10-04,565
2016-10-05,989
2016-10-06,754
2016-10-07,1289
2016-10-08,1336
2016-10-09,1043
2016-10-10,40
2016-10-11,1075
2016-10-12,609
2016-10-13,200
2016-10-14,293
2016-10-15,841
2016-10-16,311
2016-10-17,617
2016-10-18,453
2016-10-19,463
2016-10-20,268
2016-10-21,1402
2016-10-22,592
2016-10-23,587
2016-10-24,42
2016-10-25,264
2016-10-26,298
2016-10-27,1286
2016-10-28,858
2016-10-29,1049
2016-10-30,150
2016-10-31,1104
2016-11-01,673
2016-11-02,1014
2016-11-03,348
2016-11-04,36
2016-11-05,242
2016-11-06,1333
2016-11-07,192
2016-11-08,321
2016-11-09,220
2016-11-10,990
2016-11-11,900
2016-11-12,845
2016-11-13,346
2016-11-14,1181
2016-11-15,920
2016-11-16,876
2016-11-17,1394
2016-11-18,449
2016-11-19,1291
2016-11-20,725
2016-11-21,898
2016-11-22,1140
2016-11-23,1096
2016-11-24,88
2016-11-25,1405
2016-11-26,396
2016-11-27,487
2016-11-28,373
2016-11-29,1461
2016-11-30,1200
2016-12-01,551
2016-12-02,198
2016-12-03,1388
2016-12-04,617
2016-12-05,920
2016-12-06,190
2016-12-07,928
2016-12-08,1370
2016-12-09,1378
2016-12-10,850
2016-12-11,931
2016-12-12,619
2016-12-13,588
2016-12-14,770
2016-12-15,945
2016-12-16,555
2016-12-17,1026
2016-12-18,898
2016-12-19,152
2016-12-20,1018
2016-12-21,856
2016-12-22,575
2016-12-23,616
2016-12-24,94
2016-12-25,1482
2016-12-26,1288
2016-12-27,484
2016-12-28,228
2016-12-29,1298
2016-12-30,814
2016-12-31,829
2017-01-01,1401
2017-01-02,899
2017-01-03,146
2017-01-04,1314
2017-01-05,1196
2017-01-06,371
2017-01-07,1381
2017-01-08,843
2017-01-09,1452
2017-01-10,467
2017-01-11,22
2017-01-12,514
2017-01-13,332
2017-01-14,76
2017-01-15,226
2017-01-16,141
2017-01-17,530
2017-01-18,710
2017-01-19,846
2017-01-20,1089
2017-01-21,1102
2017-01-22,594
2017-01-23,26
2017-01-24,543
2017-01-25,234
2017-01-26,381
2017-01-27,794
2017-01-28,495
2017-01-29,1486
2017-01-30,1402
2017-01-31,1380
2017-02-01,1232
2017-02-02,941
2017-02-03,319
2017-02-04,258
2017-02-05,50
2017-02-06,915
2017-02-07,571
2017-02-08,1264
2017-02-09,551
2017-02-10,399
2017-02-11,443
2017-02-12,1354
2017-02-13,1455
2017-02-14,842
2017-02-15,270
2017-02-16,992
2017-02-17,434
2017-02-18,371
2017-02-19,861
2017-02-20,585
2017-02-21,852
2017-02-22,833
2017-02-23,789
2017-02-24,662
2017-02-25,1241
2017-02-26,1141
2017-02-27,1068
2017-02-28,610
2017-03-01,1488
2017-03-02,374
2017-03-03,643
2017-03-04,21
2017-03-05,839
2017-03-06,79
2017-03-07,1205
2017-03-08,98
2017-03-09,1477
2017-03-10,1038
2017-03-11,750
2017-03-12,618
2017-03-13,234
2017-03-14,640
2017-03-15,646
2017-03-16,377
2017-03-17,698
2017-03-18,726
2017-03-19,768
2017-03-20,1045
2017-03-21,379
2017-03-22,615
2017-03-23,159
2017-03-24,1292
2017-03-25,352
2017-03-26,365
2017-03-27,258
2017-03-28,1137
2017-03-29,899
2017-03-30,1271
2017-03-31,678
2017-04-01,586
2017-04-02,839
2017-04-03,843
2017-04-04,618
2017-04-05,830
2017-04-06,193
2017-04-07,138
2017-04-08,101
2017-04-09,1341
2017-04-10,11
2017-04-11,592
2017-04-12,270
2017-04-13,354
2017-04-14,1167
2017-04-15,1110
2017-04-16,805
2017-04-17,510
2017-04-18,1478
2017-04-19,1219
2017-04-20,558
2017-04-21,312
2017-04-22,392
2017-04-23,319
2017-04-24,998
2017-04-25,236
2017-04-26,461
2017-04-27,228
2017-04-28,770
2017-04-29,762
2017-04-30,1363
2017-05-01,661
2017-05-02,544
2017-05-03,693
2017-05-04,791
2017-05-05,1382
2017-05-06,247
2017-05-07,684
2017-05-08,205
2017-05-09,1177
2017-05-10,691
2017-05-11,826
2017-05-12,1095
2017-05-13,929
2017-05-14,861
2017-05-15,931
2017-05-16,230
2017-05-17,366
2017-05-18,390
2017-05-19,331
2017-05-20,1099
2017-05-21,1369
2017-05-22,904
2017-05-23,55
2017-05-24,745
2017-05-25,1425
2017-05-26,1237
2017-05-27,848
2017-05-28,1085
2017-05-29,1229
2017-05-30,609
2017-05-31,58
2017-06-01,422
2017-06-02,990
2017-06-03,847
2017-06-04,245
2017-06-05,1177
2017-06-06,858
2017-06-07,754
2017-06-08,357
2017-06-09,743
2017-06-10,870
2017-06-11,1472
2017-06-12,845
2017-06-13,1185
2017-06-14,1443
2017-06-15,384
2017-06-16,468
2017-06-17,892
2017-06-18,401
2017-06-19,753
2017-06-20,812
2017-06-21,1267
2017-06-22,23
2017-06-23,1177
2017-06-24,1142
2017-06-25,185
2017-06-26,815
2017-06-27,1273
2017-06-28,465
2017-06-29,209
2017-06-30,956
2017-07-01,174
2017-07-02,1066
2017-07-03,296
2017-07-04,1401
2017-07-05,1308
2017-07-06,1078
2017-07-07,1260
2017-07-08,1172
2017-07-09,1242
2017-07-10,1357
2017-07-11,937
2017-07-12,936
2017-07-13,44
2017-07-14,1032
2017-07-15,586
2017-07-16,132
2017-07-17,1146
2017-07-18,407
2017-07-19,127
2017-07-20,664
2017-07-21,1117
2017-07-22,184
2017-07-23,1378
2017-07-24,801
2017-07-25,1463
2017-07-26,1317
2017-07-27,32
2017-07-28,1175
2017-07-29,467
2017-07-30,566
2017-07-31,1007
2017-08-01,794
2017-08-02,103
2017-08-03,1238
2017-08-04,1493
2017-08-05,502
2017-08-06,137
2017-08-07,1117
2017-08-08,980
2017-08-09,575
2017-08-10,364
2017-08-11,1296
2017-08-12,982
2017-08-13,1495
2017-08-14,815
2017-08-15,355
2017-08-16,894
2017-08-17,1171
2017-08-18,1481
2017-08-19,495
2017-08-20,136
2017-08-21,331
2017-08-22,990
2017-08-23,594
2017-08-24,280
2017-08-25,231
2017-08-26,1257
2017-08-27,442
2017-08-28,969
2017-08-29,1079
2017-08-30,235
2017-08-31,860
2017-09-01,126
2017-09-02,984
2017-09-03,1272
2017-09-04,809
2017-09-05,633
2017-09-06,213
2017-09-07,1075
2017-09-08,97
2017-09-09,874
2017-09-10,382
2017-09-11,78
2017-09-12,456
2017-09-13,566
2017-09-14,993
2017-09-15,112
2017-09-16,1178
2017-09-17,737
2017-09-18,669
2017-09-19,691
2017-09-20,1025
2017-09-21,870
2017-09-22,952
2017-09-23,1223
2017-09-24,36
2017-09-25,1216
2017-09-26,1288
2017-09-27,712
2017-09-28,795
2017-09-29,1321
2017-09-30,1040
2017-10-01,994
2017-10-02,1215
2017-10-03,290
2017-10-04,628
2017-10-05,888
2017-10-06,576
2017-10-07,636
2017-10-08,114
2017-10-09,919
2017-10-10,776
2017-10-11,1027
2017-10-12,1319
2017-10-13,989
2017-10-14,1319
2017-10-15,178
2017-10-16,775
2017-10-17,479
2017-10-18,266
2017-10-19,1313
2017-10-20,422
2017-10-21,747
2017-10-22,377
2017-10-23,777
2017-10-24,11
2017-10-25,1398
2017-10-26,168
2017-10-27,152
2017-10-28,870
2017-10-29,17
2017-10-30,817
2017-10-31,92
2017-11-01,1182
2017-11-02,1302
2017-11-03,1495
2017-11-04,714
2017-11-05,806
2017-11-06,283
2017-11-07,270
2017-11-08,890
2017-11-09,595
2017-11-10,251
2017-11-11,442
2017-11-12,1411
2017-11-13,808
2017-11-14,994
2017-11-15,1026
2017-11-16,383
2017-11-17,12
2017-11-18,631
2017-11-19,372
2017-11-20,1304
2017-11-21,870
2017-11-22,304
2017-11-23,736
2017-11-24,44
2017-11-25,1423
2017-11-26,928
2017-11-27,484
2017-11-28,1356
2017-11-29,1341
2017-11-30,175
2017-12-01,91
2017-12-02,1084
2017-12-03,1168
2017-12-04,702
2017-12-05,1405
2017-12-06,995
2017-12-07,311
2017-12-08,912
2017-12-09,338
2017-12-10,526
2017-12-11,1466
2017-12-12,351
2017-12-13,482
2017-12-14,1185
2017-12-15,911
2017-12-16,1134
2017-12-17,1028
2017-12-18,241
2017-12-19,4
2017-12-20,841
2017-12-21,388
2017-12-22,412
2017-12-23,247
2017-12-24,39
2017-12-25,295
2017-12-26,335
2017-12-27,637
2017-12-28,1146
2017-12-29,393
2017-12-30,882
2017-12-31,314
2018-01-01,405
2018-01-02,1410
2018-01-03,1097
2018-01-04,1148
2018-01-05,1352
2018-01-06,974
2018-01-07,860
2018-01-08,296
2018-01-09,1169
2018-01-10,55
2018-01-11,1367
2018-01-12,776
2018-01-13,408
2018-01-14,148
2018-01-15,562
2018-01-16,225
2018-01-17,1193
2018-01-18,236
2018-01-19,221
2018-01-20,710
2018-01-21,993
2018-01-22,997
2018-01-23,295
2018-01-24,404
2018-01-25,313
2018-01-26,398
2018-01-27,100
2018-01-28,515
2018-01-29,396
2018-01-30,1378
2018-01-31,806
2018-02-01,74
2018-02-02,1192
2018-02-03,325
2018-02-04,503
2018-02-05,1434
2018-02-06,1370
2018-02-07,1499
2018-02-08,306
2018-02-09,1282
2018-02-10,117
2018-02-11,1458
2018-02-12,689
2018-02-13,105
2018-02-14,989
2018-02-15,1085
2018-02-16,1162
2018-02-17,29
2018-02-18,886
2018-02-19,677
2018-02-20,10
2018-02-21,950
2018-02-22,1359
2018-02-23,1271
2018-02-24,65
2018-02-25,6
2018-02-26,1403
2018-02-27,1133
2018-02-28,1000
2018-03-01,1139
2018-03-02,465
2018-03-03,269
2018-03-04,925
2018-03-05,1033
2018-03-06,964
2018-03-07,1124
2018-03-08,95
2018-03-09,960
2018-03-10,1198
2018-03-11,167
2018-03-12,376
2018-03-13,610
2018-03-14,614
2018-03-15,642
2018-03-16,1313
2018-03-17,266
2018-03-18,195
2018-03-19,685
2018-03-20,1327
2018-03-21,1090
2018-03-22,877
2018-03-23,1238
2018-03-24,180
2018-03-25,693
2018-03-26,4
2018-03-27,480
2018-03-28,755
2018-03-29,119
2018-03-30,390
2018-03-31,40
2018-04-01,411
2018-04-02,687
2018-04-03,676
2018-04-04,624
2018-04-05,230
2018-04-06,871
2018-04-07,1435
2018-04-08,1276
2018-04-09,1041
2018-04-10,123
2018-04-11,936
2018-04-12,133
2018-04-13,1090
2018-04-14,957
2018-04-15,528
2018-04-16,1196
2018-04-17,456
2018-04-18,542
2018-04-19,899
2018-04-20,697
2018-04-21,777
2018-04-22,277
2018-04-23,1318
2018-04-24,1258
2018-04-25,88
2018-04-26,404
2018-04-27,1498
2018-04-28,1372
2018-04-29,27
2018-04-30,685
2018-05-01,1381
2018-05-02,335
2018-05-03,217
2018-05-04,999
2018-05-05,897
2018-05-06,140
2018-05-07,819
2018-05-08,1450
2018-05-09,1285
2018-05-10,526
2018-05-11,693
2018-05-12,568
2018-05-13,1068
2018-05-14,1382
2018-05-15,1344
2018-05-16,838
2018-05-17,1100
2018-05-18,776
2018-05-19,1028
2018-05-20,297
2018-05-21,174
2018-05-22,544
2018-05-23,1211
2018-05-24,636
2018-05-25,898
2018-05-26,1104
2018-05-27,340
2018-05-28,366
2018-05-29,299
2018-05-30,250
2018-05-31,285
2018-06-01,425
2018-06-02,426
2018-06-03,84
2018-06-04,977
2018-06-05,1088
2018-06-06,202
2018-06-07,950
2018-06-08,1200
2018-06-09,319
2018-06-10,559
2018-06-11,863
2018-06-12,1307
2018-06-13,1081
2018-06-14,1447
2018-06-15,845
2018-06-16,290
2018-06-17,606
2018-06-18,685
2018-06-19,967
2018-06-20,438
2018-06-21,535
2018-06-22,1186
2018-06-23,946
2018-06-24,1235
2018-06-25,289
2018-06-26,760
2018-06-27,706
2018-06-28,978
2018-06-29,374
2018-06-30,32
2018-07-01,421
2018-07-02,4
2018-07-03,595
2018-07-04,151
2018-07-05,254
2018-07-06,1138
2018-07-07,1305
2018-07-08,1044
2018-07-09,1150
2018-07-10,1083
2018-07-11,292
2018-07-12,185
2018-07-13,1080
2018-07-14,742
2018-07-15,748
2018-07-16,517
2018-07-17,570
2018-07-18,45
2018-07-19,778
2018-07-20,838
2018-07-21,1128
2018-07-22,1286
2018-07-23,592
2018-07-24,513
2018-07-25,1486
2018-07-26,187
2018-07-27,1441
2018-07-28,867
2018-07-29,1122
2018-07-30,336
2018-07-31,105
2018-08-01,1243
2018-08-02,675
2018-08-03,729
2018-08-04,80
2018-08-05,1279
2018-08-06,316
2018-08-07,1289
2018-08-08,641
2018-08-09,948
2018-08-10,1327
2018-08-11,723
2018-08-12,491
2018-08-13,1393
2018-08-14,1278
2018-08-15,1184
2018-08-16,1452
2018-08-17,744
2018-08-18,1056
2018-08-19,1348
2018-08-20,1120
2018-08-21,910
2018-08-22,1189
2018-08-23,1175
2018-08-24,436
2018-08-25,615
2018-08-26,475
2018-08-27,1109
2018-08-28,563
2018-08-29,195
2018-08-30,336
2018-08-31,73
2018-09-01,33
2018-09-02,1204
2018-09-03,692
2018-09-04,318
2018-09-05,1432
2018-09-06,1220
2018-09-07,529
2018-09-08,270
2018-09-09,333
2018-09-10,1021
2018-09-11,1381
2018-09-12,877
2018-09-13,985
2018-09-14,577
2018-09-15,1292
2018-09-16,705
2018-09-17,1363
2018-09-18,144
2018-09-19,1298
2018-09-20,775
2018-09-21,1211
2018-09-22,1134
2018-09-23,153
2018-09-24,1442
2018-09-25,28
2018-09-26,835
2018-09-27,861
2018-09-28,1072
2018-09-29,886
2018-09-30,245
2018-10-01,1213
2018-10-02,875
2018-10-03,912
2018-10-04,595
2018-10-05,348
2018-10-06,230
2018-10-07,876
2018-10-08,373
2018-10-09,765
2018-10-10,575
2018-10-11,1099
2018-10-12,751
2018-10-13,525
2018-10-14,1045
2018-10-15,1265
2018-10-16,1331
2018-10-17,409
2018-10-18,464
2018-10-19,1225
2018-10-20,503
2018-10-21,702
2018-10-22,1458
2018-10-23,212
2018-10-24,1033
2018-10-25,755
2018-10-26,157
2018-10-27,1241
2018-10-28,862
2018-10-29,1395
2018-10-30,308
2018-10-31,1090
2018-11-01,433
2018-11-02,319
2018-11-03,1036
2018-11-04,1094
2018-11-05,501
2018-11-06,1058
2018-11-07,160
2018-11-08,519
2018-11-09,82
2018-11-10,1351
2018-11-11,1350
2018-11-12,681
2018-11-13,1268
2018-11-14,1260
2018-11-15,591
2018-11-16,398
2018-11-17,879
2018-11-18,75
2018-11-19,84
2018-11-20,287
2018-11-21,953
2018-11-22,706
2018-11-23,263
2018-11-24,1299
2018-11-25,1450
2018-11-26,874
2018-11-27,529
2018-11-28,779
2018-11-29,724
2018-11-30,1407
2018-12-01,1313
2018-12-02,185
2018-12-03,215
2018-12-04,1299
2018-12-05,74
2018-12-06,413
2018-12-07,762
2018-12-08,312
2018-12-09,890
2018-12-10,1147
2018-12-11,114
2018-12-12,392
2018-12-13,595
2018-12-14,1364
2018-12-15,555
2018-12-16,343
2018-12-17,250
2018-12-18,156
2018-12-19,1490
2018-12-20,60
2018-12-21,381
2018-12-22,623
2018-12-23,257
2018-12-24,1335
2018-12-25,978
2018-12-26,1183
2018-12-27,470
2018-12-28,366
2018-12-29,261
2018-12-30,1043
2018-12-31,165
2019-01-01,548
2019-01-02,1478
2019-01-03,1435
2019-01-04,542
2019-01-05,1020
2019-01-06,712
2019-01-07,1455
2019-01-08,952
2019-01-09,967
2019-01-10,897
2019-01-11,123
2019-01-12,1038
2019-01-13,305
2019-01-14,744
2019-01-15,1250
2019-01-16,945
2019-01-17,420
2019-01-18,1059
2019-01-19,890
2019-01-20,1147
2019-01-21,1460
2019-01-22,728
2019-01-23,1118
2019-01-24,1482
2019-01-25,1468
2019-01-26,727
2019-01-27,836
2019-01-28,865
2019-01-29,905
2019-01-30,121
2019-01-31,83
2019-02-01,63
2019-02-02,1356
2019-02-03,110
2019-02-04,605
2019-02-05,563
2019-02-06,1454
2019-02-07,281
2019-02-08,1204
2019-02-09,1333
2019-02-10,1419
2019-02-11,248
2019-02-12,477
2019-02-13,1365
2019-02-14,1250
2019-02-15,641
2019-02-16,812
2019-02-17,980
2019-02-18,341
2019-02-19,860
2019-02-20,1372
2019-02-21,658
2019-02-22,1282
2019-02-23,1400
2019-02-24,1400
2019-02-25,1006
2019-02-26,328
2019-02-27,377
2019-02-28,660
2019-03-01,1349
2019-03-02,10
2019-03-03,1284
2019-03-04,865
2019-03-05,490
2019-03-06,360
2019-03-07,619
2019-03-08,699
2019-03-09,13
2019-03-10,407
2019-03-11,155
2019-03-12,1408
2019-03-13,1496
2019-03-14,221
2019-03-15,385
2019-03-16,84
2019-03-17,787
2019-03-18,1153
2019-03-19,102
2019-03-20,252
2019-03-21,1205
2019-03-22,44
2019-03-23,107
2019-03-24,854
2019-03-25,1133
2019-03-26,961
2019-03-27,490
2019-03-28,728
2019-03-29,1005
2019-03-30,241
2019-03-31,1218
2019-04-01,949
2019-04-02,331
2019-04-03,175
2019-04-04,180
2019-04-05,243
2019-04-06,985
2019-04-07,489
2019-04-08,964
2019-04-09,780
2019-04-10,341
2019-04-11,324
2019-04-12,1060
2019-04-13,308
2019-04-14,1141
2019-04-15,1257
2019-04-16,134
2019-04-17,1157
2019-04-18,878
2019-04-19,939
2019-04-20,1202
2019-04-21,303
2019-04-22,461
2019-04-23,1465
2019-04-24,1250
2019-04-25,720
2019-04-26,835
2019-04-27,378
2019-04-28,523
2019-04-29,616
2019-04-30,266
2019-05-01,995
2019-05-02,1066
2019-05-03,251
2019-05-04,1243
2019-05-05,1140
2019-05-06,1216
2019-05-07,1472
2019-05-08,213
2019-05-09,589
2019-05-10,20
2019-05-11,151
2019-05-12,440
2019-05-13,1273
2019-05-14,641
2019-05-15,323
2019-05-16,175
2019-05-17,262
2019-05-18,1449
2019-05-19,1013
2019-05-20,934
2019-05-21,1210
2019-05-22,418
2019-05-23,1448
2019-05-24,619
2019-05-25,304
2019-05-26,993
2019-05-27,169
2019-05-28,301
2019-05-29,110
2019-05-30,623
2019-05-31,835
2019-06-01,1022
2019-06-02,1495
2019-06-03,1349
2019-06-04,1083
2019-06-05,863
2019-06-06,184
2019-06-07,1464
2019-06-08,1374
2019-06-09,136
2019-06-10,1352
2019-06-11,269
2019-06-12,331
2019-06-13,912
2019-06-14,390
2019-06-15,913
2019-06-16,1318
2019-06-17,1367
2019-06-18,851
2019-06-19,1408
2019-06-20,1113
2019-06-21,261
2019-06-22,311
2019-06-23,991
2019-06-24,1345
2019-06-25,771
2019-06-26,1117
2019-06-27,557
2019-06-28,771
2019-06-29,986
2019-06-30,673
2019-07-01,514
2019-07-02,200
2019-07-03,285
2019-07-04,420
2019-07-05,686
2019-07-06,157
2019-07-07,422
2019-07-08,258
2019-07-09,1256
2019-07-10,356
2019-07-11,1253
2019-07-12,312
2019-07-13,235
2019-07-14,189
2019-07-15,762
2019-07-16,861
2019-07-17,993
2019-07-18,1423
2019-07-19,61
2019-07-20,668
2019-07-21,268
2019-07-22,1085
2019-07-23,94
2019-07-24,272
2019-07-25,815
2019-07-26,1400
2019-07-27,1474
2019-07-28,946
2019-07-29,1309
2019-07-30,671
2019-07-31,538
2019-08-01,861
2019-08-02,549
2019-08-03,130
2019-08-04,371
2019-08-05,846
2019-08-06,603
2019-08-07,713
2019-08-08,1240
2019-08-09,571
2019-08-10,970
2019-08-11,785
2019-08-12,504
2019-08-13,48
2019-08-14,1437
2019-08-15,868
2019-08-16,1192
2019-08-17,778
2019-08-18,781
2019-08-19,622
2019-08-20,310
2019-08-21,1207
2019-08-22,340
2019-08-23,706
2019-08-24,431
2019-08-25,1486
2019-08-26,1418
2019-08-27,442
2019-08-28,860
2019-08-29,100
2019-08-30,877
2019-08-31,84
2019-09-01,1201
2019-09-02,1437
2019-09-03,158
2019-09-04,905
2019-09-05,1418
2019-09-06,1270
2019-09-07,1420
2019-09-08,855
2019-09-09,63
2019-09-10,637
2019-09-11,335
2019-09-12,921
2019-09-13,1044
2019-09-14,374
2019-09-15,105
2019-09-16,139
2019-09-17,1113
2019-09-18,1361
2019-09-19,449
2019-09-20,1474
2019-09-21,1094
2019-09-22,918
2019-09-23,122
2019-09-24,635
2019-09-25,838
2019-09-26,735
2019-09-27,1407
2019-09-28,1146
2019-09-29,496
2019-09-30,1306
2019-10-01,1177
2019-10-02,1491
2019-10-03,216
2019-10-04,1267
2019-10-05,385
2019-10-06,678
2019-10-07,1185
2019-10-08,1012
2019-10-09,167
2019-10-10,431
2019-10-11,1191
2019-10-12,672
2019-10-13,262
2019-10-14,820
2019-10-15,438
2019-10-16,538
2019-10-17,738
2019-10-18,341
2019-10-19,1094
2019-10-20,836
2019-10-21,421
2019-10-22,1169
2019-10-23,554
2019-10-24,657
2019-10-25,729
2019-10-26,709
2019-10-27,714
2019-10-28,925
2019-10-29,41
2019-10-30,192
2019-10-31,475
2019-11-01,83
2019-11-02,1461
2019-11-03,219
2019-11-04,924
2019-11-05,1424
2019-11-06,1421
2019-11-07,1042
2019-11-08,428
2019-11-09,1097
2019-11-10,322
2019-11-11,406
2019-11-12,994
2019-11-13,281
2019-11-14,670
2019-11-15,1097
2019-11-16,371
2019-11-17,340
2019-11-18,242
2019-11-19,312
2019-11-20,1480
2019-11-21,1259
2019-11-22,892
2019-11-23,660
2019-11-24,1486
2019-11-25,1485
2019-11-26,375
2019-11-27,188
2019-11-28,827
2019-11-29,0
2019-11-30,349
2019-12-01,156
2019-12-02,990
2019-12-03,732
2019-12-04,805
2019-12-05,1220
2019-12-06,216
2019-12-07,873
2019-12-08,757
2019-12-09,588
2019-12-10,1425
2019-12-11,954
2019-12-12,687
2019-12-13,211
2019-12-14,886
2019-12-15,513
2019-12-16,613
2019-12-17,850
2019-12-18,441
2019-12-19,10
2019-12-20,340
2019-12-21,1300
2019-12-22,360
2019-12-23,503
2019-12-24,216
2019-12-25,1406
2019-12-26,749
2019-12-27,933
2019-12-28,137
2019-12-29,478
2019-12-30,770
2019-12-31,246
2020-01-01,1467
2020-01-02,453
2020-01-03,814
2020-01-04,702
2020-01-05,562
2020-01-06,726
2020-01-07,1220
2020-01-08,1394
2020-01-09,870
2020-01-10,1040
2020-01-11,823
2020-01-12,1081
2020-01-13,750
2020-01-14,1156
2020-01-15,1196
2020-01-16,73
2020-01-17,514
2020-01-18,857
2020-01-19,1165
2020-01-20,392
2020-01-21,965
2020-01-22,918
2020-01-23,1386
2020-01-24,1235
2020-01-25,834
2020-01-26,301
2020-01-27,665
2020-01-28,1172
2020-01-29,344
2020-01-30,1477
2020-01-31,334
2020-02-01,1092
2020-02-02,746
2020-02-03,1091
2020-02-04,956
2020-02-05,67
2020-02-06,170
2020-02-07,1453
2020-02-08,585
2020-02-09,397
2020-02-10,1121
2020-02-11,1491
2020-02-12,482
2020-02-13,480
2020-02-14,959
2020-02-15,1294
2020-02-16,566
2020-02-17,91
2020-02-18,782
2020-02-19,638
2020-02-20,988
2020-02-21,1382
2020-02-22,782
2020-02-23,29
2020-02-24,143
2020-02-25,390
2020-02-26,1339
2020-02-27,1139
2020-02-28,621
2020-02-29,501
2020-03-01,45
2020-03-02,880
2020-03-03,272
2020-03-04,1030
2020-03-05,644
2020-03-06,93
2020-03-07,118
2020-03-08,1051
2020-03-09,955
2020-03-10,945
2020-03-11,69
2020-03-12,1400
2020-03-13,766
2020-03-14,740
2020-03-15,1387
2020-03-16,980
2020-03-17,530
2020-03-18,1106
2020-03-19,1214
2020-03-20,914
2020-03-21,467
2020-03-22,885
2020-03-23,1185
2020-03-24,417
2020-03-25,918
2020-03-26,327
2020-03-27,326
2020-03-28,943
2020-03-29,654
2020-03-30,297
2020-03-31,332
2020-04-01,1493
2020-04-02,665
2020-04-03,251
2020-04-04,1199
2020-04-05,1253
2020-04-06,433
2020-04-07,166
2020-04-08,1010
2020-04-09,226
2020-04-10,1259
2020-04-11,1248
2020-04-12,1270
2020-04-13,168
2020-04-14,868
2020-04-15,1342
2020-04-16,529
2020-04-17,347
2020-04-18,507
2020-04-19,1085
2020-04-20,528
2020-04-21,1158
2020-04-22,106
2020-04-23,446
2020-04-24,1292
2020-04-25,647
2020-04-26,303
2020-04-27,1228
2020-04-28,1303
2020-04-29,97
2020-04-30,74
2020-05-01,189
2020-05-02,92
2020-05-03,1483
2020-05-04,197
2020-05-05,785
2020-05-06,422
2020-05-07,1458
2020-05-08,1353
2020-05-09,1410
2020-05-10,746
2020-05-11,704
2020-05-12,1314
2020-05-13,729
2020-05-14,827
2020-05-15,771
2020-05-16,1159
2020-05-17,1376
2020-05-18,1192
2020-05-19,510
2020-05-20,908
2020-05-21,20
2020-05-22,1226
2020-05-23,1493
2020-05-24,687
2020-05-25,864
2020-05-26,940
2020-05-27,734
2020-05-28,1344
2020-05-29,344
2020-05-30,1477
2020-05-31,595
2020-06-01,1402
2020-06-02,1050
2020-06-03,1449
2020-06-04,62
2020-06-05,550
2020-06-06,1202
2020-06-07,1091
2020-06-08,150
2020-06-09,253
2020-06-10,1210
2020-06-11,527
2020-06-12,1324
2020-06-13,144
2020-06-14,720
2020-06-15,1026
2020-06-16,1361
2020-06-17,320
2020-06-18,472
2020-06-19,115
2020-06-20,1016
2020-06-21,415
2020-06-22,1481
2020-06-23,1367
2020-06-24,1189
2020-06-25,798
2020-06-26,895
2020-06-27,1456
2020-06-28,81
2020-06-29,854
2020-06-30,924
2020-07-01,678
2020-07-02,562
2020-07-03,979
2020-07-04,1394
2020-07-05,1258
2020-07-06,600
2020-07-07,597
2020-07-08,55
2020-07-09,155
2020-07-10,1494
2020-07-11,738
2020-07-12,1038
2020-07-13,1079
2020-07-14,919
2020-07-15,412
2020-07-16,885
2020-07-17,360
2020-07-18,621
2020-07-19,1219
2020-07-20,620
2020-07-21,923
2020-07-22,1148
2020-07-23,620
2020-07-24,1169
2020-07-25,1402
2020-07-26,1362
2020-07-27,1469
2020-07-28,1259
2020-07-29,583
2020-07-30,753
2020-07-31,529
2020-08-01,285
2020-08-02,1128
2020-08-03,635
2020-08-04,588
2020-08-05,678
2020-08-06,525
2020-08-07,653
2020-08-08,1357
2020-08-09,1035
2020-08-10,628
2020-08-11,45
2020-08-12,1176
2020-08-13,826
2020-08-14,1130
2020-08-15,24
2020-08-16,337
2020-08-17,203
2020-08-18,251
2020-08-19,673
2020-08-20,777
2020-08-21,481
2020-08-22,1006
2020-08-23,693
2020-08-24,195
2020-08-25,1377
2020-08-26,809
2020-08-27,206
2020-08-28,145
2020-08-29,12
2020-08-30,507
2020-08-31,114
2020-09-01,100
2020-09-02,595
2020-09-03,981
2020-09-04,905
2020-09-05,858
2020-09-06,649
2020-09-07,1402
2020-09-08,118
2020-09-09,92
2020-09-10,1457
2020-09-11,926
2020-09-12,959
2020-09-13,866
2020-09-14,254
2020-09-15,1418
